Species,ChemicalName,QNs,Freq,log10_Aij,EU_K,CDMS/JPL Intensity
c-HCCCHv=0,Cyclopropenylidene,"3(2,2)-3(1,3)",84.727696,-4.94077,16.13538,-4.4082
c-HCCCHv=0,Cyclopropenylidene,"12(9,3)-12(8,4)",85.318966,-4.50194,241.09739,-3.7452
c-HCCCHv=0,Cyclopropenylidene,"2(1,2)-1(0,1)",85.338893,-4.59289,6.44539,-3.7184
c-HCCCHv=0,Cyclopropenylidene,"4(3,2)-4(2,3)",85.656431,-4.77651,29.06844,-3.6811
c-HCCCHv=0,Cyclopropenylidene,"14(11,3)-14(10,4)",86.1259423,-4.46343,326.62214,-3.7701
c-HCCCHv=0,Cyclopropenylidene,"10(9,1)-10(8,2)",87.3854195,-4.63273,175.73173,-3.8674
c-HCCCHv=0,Cyclopropenylidene,"5(4,2)-5(3,3)",87.4353146,-4.69134,45.25565,-4.0182
c-HCCCHv=0,Cyclopropenylidene,"11(8,3)-11(7,4)",89.7906468,-4.47254,203.16031,-3.242
c-HCCCHv=0,Cyclopropenylidene,"6(5,2)-6(4,3)",90.3440789,-4.62354,64.70985,-3.443
c-HCCCHv=0,Cyclopropenylidene,"15(12,3)-15(11,4)",92.8141102,-4.38262,374.31746,-3.2845
c-HCCCHv=0,Cyclopropenylidene,"8(8,0)-8(7,1)",93.1475238,-4.78631,118.55032,-4.0575
c-HCCCHv=0,Cyclopropenylidene,"7(7,1)-7(6,2)",93.1619991,-4.76454,91.91725,-4.0516
c-HCCCHv=0,Cyclopropenylidene,"7(6,2)-7(5,3)",94.6139819,-4.55654,87.44618,-3.8438
c-HCCCHv=0,Cyclopropenylidene,"13(11,2)-13(10,3)",95.9718083,-4.42484,286.83965,-3.2745
c-HCCCHv=0,Cyclopropenylidene,"10(7,3)-10(6,4)",95.9751735,-4.42916,168.37591,-3.6936
c-HCCCHv=0,Cyclopropenylidene,"8(7,2)-8(6,3)",100.400778,-4.48475,113.47958,-3.3038
c-HCCCHv=0,Cyclopropenylidene,"9(6,3)-9(5,4)",102.5059453,-4.38609,136.70709,-3.1994
c-HCCCHv=0,Cyclopropenylidene,"17(13,4)-17(12,5)",103.1271193,-4.23199,474.09233,-3.271
c-HCCCHv=0,Cyclopropenylidene,"16(13,3)-16(12,4)",103.9439204,-4.26775,425.36821,-3.7423
c-HCCCHv=0,Cyclopropenylidene,"11(10,1)-11(9,2)",104.6546987,-4.45416,211.63741,-3.3019
c-HCCCHv=0,Cyclopropenylidene,"8(8,1)-8(7,2)",104.904155,-4.65157,118.51415,-3.4968
c-HCCCHv=0,Cyclopropenylidene,"16(12,4)-16(11,5)",104.9908437,-4.22716,420.3796,-3.6988
c-HCCCHv=0,Cyclopropenylidene,"9(8,2)-9(7,3)",107.7677316,-4.40696,142.82461,-3.7278
c-HCCCHv=0,Cyclopropenylidene,"8(5,3)-8(4,4)",108.2268572,-4.35535,108.13046,-3.6761
c-HCCCHv=0,Cyclopropenylidene,"9(9,0)-9(8,1)",109.8737988,-4.62375,148.4861,-3.484
c-HCCCHv=0,Cyclopropenylidene,"15(11,4)-15(10,5)",110.3246153,-4.19362,369.86301,-3.1635
c-HCCCHv=0,Cyclopropenylidene,"7(4,3)-7(3,4)",112.4907593,-4.34658,82.64314,-3.2243
c-HCCCHv=0,Cyclopropenylidene,"14(12,2)-14(11,3)",112.8135211,-4.2642,332.03638,-3.695
c-HCCCHv=0,Cyclopropenylidene,"6(3,3)-6(2,4)",115.2318829,-4.36805,60.26314,-3.763
c-HCCCHv=0,Cyclopropenylidene,"10(9,2)-10(8,3)",116.6799557,-4.32436,175.49427,-3.2061
c-HCCCHv=0,Cyclopropenylidene,"5(2,3)-5(1,4)",116.7707793,-4.43547,41.0211,-3.4037
c-HCCCHv=0,Cyclopropenylidene,"3(0,3)-2(1,2)",117.151191,-4.11519,12.06773,-3.2392
c-HCCCHv=0,Cyclopropenylidene,"6(4,3)-6(3,4)",117.4571765,-4.34658,60.37411,-3.2728
c-HCCCHv=0,Cyclopropenylidene,"4(1,3)-4(0,4)",117.5306658,-4.61027,24.94782,-4.1223
c-HCCCHv=0,Cyclopropenylidene,"3(1,3)-2(0,2)",117.546237,-4.10951,12.06914,-3.7121
c-HCCCHv=0,Cyclopropenylidene,"5(3,3)-5(2,4)",117.550392,-4.42793,41.05938,-3.8762
c-HCCCHv=0,Cyclopropenylidene,"9(9,1)-9(8,2)",117.5713375,-4.54412,148.46705,-3.9106
c-HCCCHv=0,Cyclopropenylidene,"7(5,3)-7(4,4)",117.6471172,-4.29709,82.90543,-3.6716
c-HCCCHv=0,Cyclopropenylidene,"4(2,3)-4(1,4)",117.731821,-4.60834,24.95762,-3.644
c-HCCCHv=0,Cyclopropenylidene,"14(10,4)-14(9,5)",117.8398979,-4.14396,322.4888,-3.5797
c-HCCCHv=0,Cyclopropenylidene,"8(6,3)-8(5,4)",118.382174,-4.25901,108.66099,-3.142
c-HCCCHv=0,Cyclopropenylidene,"17(14,3)-17(13,4)",119.077949,-4.13192,479.80707,-3.2411
c-HCCCHv=0,Cyclopropenylidene,"9(7,3)-9(6,4)",119.959163,-4.22323,137.65262,-3.5827
c-HCCCHv=0,Cyclopropenylidene,"2(2,1)-1(1,0)",122.023482,-4.12705,9.08635,-3.4104
c-HCCCHv=0,Cyclopropenylidene,"12(11,1)-12(10,2)",122.642058,-4.29383,250.92327,-3.7076
c-HCCCHv=0,Cyclopropenylidene,"10(8,3)-10(7,4)",122.668503,-4.18444,169.89452,-3.0796
c-HCCCHv=0,Cyclopropenylidene,"13(9,4)-13(8,5)",126.0625319,-4.09084,278.21224,-3.0454
c-HCCCHv=0,Cyclopropenylidene,"10(10,0)-10(9,1)",126.178415,-4.48797,181.78721,-3.8896
c-HCCCHv=0,Cyclopropenylidene,"11(9,3)-11(8,4)",126.7539776,-4.13973,205.40301,-3.538
c-HCCCHv=0,Cyclopropenylidene,"11(10,2)-11(9,3)",127.011534,-4.23884,211.49863,-3.6468
c-HCCCHv=0,Cyclopropenylidene,"10(10,1)-10(9,2)",130.92425,-4.44333,181.77758,-3.3837
c-HCCCHv=0,Cyclopropenylidene,"15(13,2)-15(12,3)",131.444599,-4.10941,380.6257,-3.1702
c-HCCCHv=0,Cyclopropenylidene,"12(10,3)-12(9,4)",132.381515,-4.08804,244.19483,-3.0478
c-HCCCHv=0,Cyclopropenylidene,"12(8,4)-12(7,5)",133.675079,-4.04495,237.00278,-3.4756
c-HCCCHv=0,Cyclopropenylidene,"12(11,2)-12(10,3)",138.566055,-4.1527,250.84495,-3.1417
c-HCCCHv=0,Cyclopropenylidene,"13(11,3)-13(10,4)",139.6201077,-4.02924,286.28565,-3.5165
c-HCCCHv=0,Cyclopropenylidene,"11(7,4)-11(6,5)",139.8380556,-4.01323,198.85106,-2.9671
c-HCCCHv=0,Cyclopropenylidene,"13(12,1)-13(11,2)",140.4597794,-4.15503,293.58065,-3.1783
c-HCCCHv=0,Cyclopropenylidene,"11(11,0)-11(10,1)",141.9592713,-4.37359,218.45033,-3.3623
c-HCCCHv=0,Cyclopropenylidene,"10(6,4)-10(5,5)",144.3059921,-3.99928,163.7699,-3.4325
c-HCCCHv=0,Cyclopropenylidene,"11(11,1)-11(10,2)",144.7502823,-4.34972,218.44544,-3.8239
c-HCCCHv=0,Cyclopropenylidene,"3(1,2)-2(2,1)",145.0895946,-4.12831,16.04942,-3.35
c-HCCCHv=0,Cyclopropenylidene,"9(5,4)-9(4,5)",147.2815439,-4.00368,131.78759,-2.9657
c-HCCCHv=0,Cyclopropenylidene,"17(12,5)-17(11,6)",148.2537367,-3.8634,469.14291,-3.0513
c-HCCCHv=0,Cyclopropenylidene,"14(12,3)-14(11,4)",148.436743,-3.96468,331.68929,-3.0358
c-HCCCHv=0,Cyclopropenylidene,"11(8,4)-11(7,5)",148.7696853,-3.94285,199.31985,-3.4011
c-HCCCHv=0,Cyclopropenylidene,"10(7,4)-10(6,5)",148.9310715,-3.96272,164.00741,-2.9327
c-HCCCHv=0,Cyclopropenylidene,"8(4,4)-8(3,5)",149.1507618,-4.02701,102.93646,-3.4781
c-HCCCHv=0,Cyclopropenylidene,"12(9,4)-12(8,5)",149.2083178,-3.92326,237.84149,-2.9252
c-HCCCHv=0,Cyclopropenylidene,"9(6,4)-9(5,5)",149.4197489,-3.98672,131.89553,-3.4322
c-HCCCHv=0,Cyclopropenylidene,"8(5,4)-8(4,5)",150.0193753,-4.02017,102.97959,-2.9967
c-HCCCHv=0,Cyclopropenylidene,"7(3,4)-7(2,5)",150.2834778,-4.07442,77.24449,-3.0688
c-HCCCHv=0,Cyclopropenylidene,"2(2,0)-1(1,1)",150.4365448,-4.22981,9.70769,-4.0811
c-HCCCHv=0,Cyclopropenylidene,"13(10,4)-13(9,5)",150.5464182,-3.9009,279.58496,-3.4108
c-HCCCHv=0,Cyclopropenylidene,"7(4,4)-7(3,5)",150.5846164,-4.07202,77.25923,-3.5444
c-HCCCHv=0,Cyclopropenylidene,"16(14,2)-16(13,3)",150.6428717,-3.96837,432.59789,-3.6129
c-HCCCHv=0,Cyclopropenylidene,"4(0,4)-3(1,3)",150.820665,-3.74489,19.30732,-3.3559
c-HCCCHv=0,Cyclopropenylidene,"4(1,4)-3(0,3)",150.851908,-3.74452,19.30738,-2.8785
c-HCCCHv=0,Cyclopropenylidene,"6(2,4)-6(1,5)",150.9546852,-4.16342,54.73293,-3.6664
c-HCCCHv=0,Cyclopropenylidene,"6(3,4)-6(2,5)",151.039173,-4.1627,54.73713,-3.1888
c-HCCCHv=0,Cyclopropenylidene,"13(12,2)-13(11,3)",151.1070795,-4.06791,293.53757,-3.5996
c-HCCCHv=0,Cyclopropenylidene,"5(1,4)-5(0,5)",151.343873,-4.36145,35.417,-3.433
c-HCCCHv=0,Cyclopropenylidene,"5(2,4)-5(1,5)",151.3611005,-4.36128,35.41783,-3.91
c-HCCCHv=0,Cyclopropenylidene,"14(11,4)-14(10,5)",153.0720996,-3.8736,324.56554,-2.9476
c-HCCCHv=0,Cyclopropenylidene,"3(2,2)-2(1,1)",155.5182951,-3.91138,16.1354,-3.6401
c-HCCCHv=0,Cyclopropenylidene,"15(12,4)-15(11,5)",157.024308,-3.83978,372.80031,-3.4427
c-HCCCHv=0,Cyclopropenylidene,"12(12,0)-12(11,1)",157.2963652,-4.27553,258.47226,-3.8071
c-HCCCHv=0,Cyclopropenylidene,"16(11,5)-16(10,6)",157.5701308,-3.81016,415.34097,-3.449
c-HCCCHv=0,Cyclopropenylidene,"14(13,1)-14(12,2)",157.6436434,-4.03709,339.60196,-3.6226
c-HCCCHv=0,Cyclopropenylidene,"15(13,3)-15(12,4)",158.7055294,-3.89599,380.41683,-3.5145
c-HCCCHv=0,Cyclopropenylidene,"12(12,1)-12(11,2)",158.879303,-4.26316,258.46982,-3.3219
c-HCCCHv=0,Cyclopropenylidene,"16(13,4)-16(12,5)",162.562513,-3.79873,424.3064,-2.9868
c-HCCCHv=0,Cyclopropenylidene,"14(13,2)-14(12,3)",164.391465,-3.98598,339.57891,-3.1123
c-HCCCHv=0,Cyclopropenylidene,"15(10,5)-15(9,6)",165.492391,-3.76821,364.56834,-2.9046
c-HCCCHv=0,Cyclopropenylidene,"5(5,0)-5(2,3)",165.884284,-5.49538,48.98231,-4.6259
c-HCCCHv=0,Cyclopropenylidene,"17(15,2)-17(14,3)",169.483646,-3.8449,487.94093,-3.1174
c-HCCCHv=0,Cyclopropenylidene,"17(14,4)-17(13,5)",169.748773,-3.75091,479.10019,-3.4884
c-HCCCHv=0,Cyclopropenylidene,"16(14,3)-16(13,4)",170.229482,-3.82516,432.47608,-3.0448
c-HCCCHv=0,Cyclopropenylidene,"14(9,5)-14(8,6)",171.617071,-3.74056,316.83345,-3.3295
c-HCCCHv=0,Cyclopropenylidene,"13(13,0)-13(12,1)",172.31403,-4.1896,301.85047,-3.3125
c-HCCCHv=0,Cyclopropenylidene,"13(13,1)-13(12,2)",173.186951,-4.18321,301.8492,-3.7854
c-HCCCHv=0,Cyclopropenylidene,"15(14,1)-15(13,2)",174.100976,-3.93674,388.98115,-3.1302
c-HCCCHv=0,Cyclopropenylidene,"13(8,5)-13(7,6)",176.039531,-3.72732,272.16215,-2.8164
c-HCCCHv=0,Cyclopropenylidene,"6(6,0)-6(3,3)",177.754508,-5.29943,68.79394,-4.8928
c-HCCCHv=0,Cyclopropenylidene,"15(14,2)-15(13,3)",178.197398,-3.90798,388.96899,-3.5885
c-HCCCHv=0,Cyclopropenylidene,"15(11,5)-15(10,6)",178.426066,-3.68125,365.2643,-3.328
c-HCCCHv=0,Cyclopropenylidene,"16(12,5)-16(11,6)",178.569558,-3.6694,416.50474,-2.8864
c-HCCCHv=0,Cyclopropenylidene,"14(10,5)-14(9,6)",178.952041,-3.6913,317.21928,-2.8216
c-HCCCHv=0,Cyclopropenylidene,"12(7,5)-12(6,6)",179.105811,-3.72676,230.58746,-3.2736
c-HCCCHv=0,Cyclopropenylidene,"17(13,5)-17(12,6)",179.682002,-3.65375,470.95365,-3.4038
c-HCCCHv=0,Cyclopropenylidene,"13(9,5)-13(8,6)",179.867006,-3.7017,272.35994,-3.2774
c-HCCCHv=0,Cyclopropenylidene,"12(8,5)-12(7,6)",180.938024,-3.71449,230.68072,-2.7887
c-HCCCHv=0,Cyclopropenylidene,"11(6,5)-11(5,6)",181.196922,-3.73746,192.1399,-2.7927
c-HCCCHv=0,Cyclopropenylidene,"11(7,5)-11(6,6)",181.99581,-3.7322,192.18011,-3.2665
c-HCCCHv=0,Cyclopropenylidene,"10(5,5)-10(4,6)",182.62291,-3.75968,156.84426,-3.2838
c-HCCCHv=0,Cyclopropenylidene,"17(15,3)-17(14,4)",182.77088,-3.75407,487.87175,-3.5359
c-HCCCHv=0,Cyclopropenylidene,"10(6,5)-10(5,6)",182.936042,-3.75754,156.85987,-2.8053
c-HCCCHv=0,Cyclopropenylidene,"9(4,5)-9(3,6)",183.601776,-3.79595,124.71922,-2.8422
c-HCCCHv=0,Cyclopropenylidene,"4(1,3)-3(2,2)",183.623622,-3.6419,24.94785,-3.3454
c-HCCCHv=0,Cyclopropenylidene,"9(5,5)-9(4,6)",183.709794,-3.79527,124.72455,-3.3189
c-HCCCHv=0,Cyclopropenylidene,"8(3,5)-8(2,6)",184.276268,-3.85425,95.77839,-3.3856
c-HCCCHv=0,Cyclopropenylidene,"8(4,5)-8(3,6)",184.307984,-3.854,95.77991,-2.9083
c-HCCCHv=0,Cyclopropenylidene,"5(0,5)-4(1,4)",184.327934,-3.45979,28.15371,-2.6053
c-HCCCHv=0,Cyclopropenylidene,"7(2,5)-7(1,6)",184.73813,-3.95461,70.03207,-3.027
c-HCCCHv=0,Cyclopropenylidene,"7(3,5)-7(2,6)",184.745527,-3.95458,70.03242,-3.5041
c-HCCCHv=0,Cyclopropenylidene,"6(2,5)-6(1,6)",185.049024,-4.16728,47.48839,-3.2699
c-HCCCHv=0,Cyclopropenylidene,"4(2,3)-3(1,2)",185.61751,-3.62099,24.95765,-2.852
c-HCCCHv=0,Cyclopropenylidene,"14(14,0)-14(13,1)",187.118237,-4.11268,348.58227,-3.7846
c-HCCCHv=0,Cyclopropenylidene,"14(14,1)-14(13,2)",187.58902,-4.10943,348.5817,-3.3053
c-HCCCHv=0,Cyclopropenylidene,"16(15,1)-16(14,2)",189.9379241,-3.85008,441.71341,-3.6071
c-HCCCHv=0,Cyclopropenylidene,"16(15,2)-16(14,3)",192.3419683,-3.83443,441.70692,-3.1197
c-HCCCHv=0,Cyclopropenylidene,"3(3,1)-2(2,0)",193.488758,-3.52969,18.99375,-3.3561
c-HCCCHv=0,Cyclopropenylidene,"7(7,0)-7(4,3)",194.645051,-5.19399,91.9846,-4.3205
c-HCCCHv=0,Cyclopropenylidene,"15(15,0)-15(14,1)",201.78314,-4.04281,398.66519,-3.3134
c-HCCCHv=0,Cyclopropenylidene,"15(15,1)-15(14,2)",202.032489,-4.04126,398.66492,-3.7895
c-HCCCHv=0,Cyclopropenylidene,"17(11,6)-17(10,7)",203.340626,-3.5151,462.02791,-2.828
c-HCCCHv=0,Cyclopropenylidene,"4(2,2)-3(3,1)",204.788926,-3.86475,28.82202,-3.6205
c-HCCCHv=0,Cyclopropenylidene,"17(16,1)-17(15,2)",205.31347,-3.7738,497.79442,-3.1426
c-HCCCHv=0,Cyclopropenylidene,"17(16,2)-17(15,3)",206.686948,-3.76544,497.79113,-3.6142
c-HCCCHv=0,Cyclopropenylidene,"16(10,6)-16(9,7)",207.609734,-3.50389,407.77886,-3.2498
c-HCCCHv=0,Cyclopropenylidene,"17(12,6)-17(11,7)",209.0806554,-3.48165,462.3303,-3.284
c-HCCCHv=0,Cyclopropenylidene,"16(11,6)-16(10,7)",210.6161967,-3.48644,407.9348,-2.7616
c-HCCCHv=0,Cyclopropenylidene,"15(9,6)-15(8,7)",210.7027732,-3.50169,356.62599,-2.7299
c-HCCCHv=0,Cyclopropenylidene,"15(10,6)-15(9,7)",212.1726965,-3.49319,356.70128,-3.2016
c-HCCCHv=0,Cyclopropenylidene,"14(8,6)-14(7,7)",212.9562636,-3.50699,308.59711,-3.1763
c-HCCCHv=0,Cyclopropenylidene,"14(9,6)-14(8,7)",213.6244345,-3.50323,308.63105,-2.6968
c-HCCCHv=0,Cyclopropenylidene,"13(7,6)-13(6,7)",214.6206172,-3.51933,263.71374,-2.6809
c-HCCCHv=0,Cyclopropenylidene,"13(8,6)-13(7,7)",214.900955,-3.51773,263.72777,-3.157
c-HCCCHv=0,Cyclopropenylidene,"12(6,6)-12(5,7)",215.867094,-3.53922,221.99172,-3.1534
c-HCCCHv=0,Cyclopropenylidene,"12(7,6)-12(6,7)",215.9744549,-3.53862,221.99716,-2.6759
c-HCCCHv=0,Cyclopropenylidene,"3(3,0)-2(2,1)",216.278756,-3.55087,19.46594,-2.9484
c-HCCCHv=0,Cyclopropenylidene,"16(16,0)-16(15,1)",216.3556618,-3.97861,452.09672,-3.8063
c-HCCCHv=0,Cyclopropenylidene,"16(16,1)-16(15,2)",216.4857526,-3.97788,452.09663,-3.3287
c-HCCCHv=0,Cyclopropenylidene,"11(5,6)-11(4,7)",216.808786,-3.56837,183.44381,-2.6877
c-HCCCHv=0,Cyclopropenylidene,"11(6,6)-11(5,7)",216.8457121,-3.56817,183.44573,-3.1647
c-HCCCHv=0,Cyclopropenylidene,"8(8,0)-8(5,3)",217.1155366,-5.15421,118.55036,-4.7886
c-HCCCHv=0,Cyclopropenylidene,"10(4,6)-10(3,7)",217.5207398,-3.61104,148.07981,-3.1972
c-HCCCHv=0,Cyclopropenylidene,"10(5,6)-10(4,7)",217.5318777,-3.61104,148.08035,-2.7201
c-HCCCHv=0,Cyclopropenylidene,"6(1,6)-5(0,5)",217.822148,-3.22667,38.60744,-2.3861
c-HCCCHv=0,Cyclopropenylidene,"5(1,4)-4(2,3)",217.940046,-3.35391,35.41701,-2.5815
c-HCCCHv=0,Cyclopropenylidene,"9(3,6)-9(2,7)",218.054783,-3.67602,115.90781,-2.783
c-HCCCHv=0,Cyclopropenylidene,"5(2,4)-4(1,3)",218.1604423,-3.35225,35.41781,-3.0574
c-HCCCHv=0,Cyclopropenylidene,"8(3,6)-8(2,7)",218.449439,-3.78459,86.93456,-2.8987
c-HCCCHv=0,Cyclopropenylidene,"7(1,6)-7(0,7)",218.732732,-4.00798,61.166,-3.1397
c-HCCCHv=0,Cyclopropenylidene,"4(3,2)-3(2,1)",227.1691272,-3.46536,29.06852,-2.7886
c-HCCCHv=0,Cyclopropenylidene,"7(6,1)-7(3,4)",230.6860201,-5.20729,88.31559,-4.401
c-HCCCHv=0,Cyclopropenylidene,"8(7,1)-8(4,4)",232.19487,-4.95785,114.07995,-4.6144
c-HCCCHv=0,Cyclopropenylidene,"6(4,3)-5(5,0)",237.3685714,-4.94182,60.37413,-4.1694
c-HCCCHv=0,Cyclopropenylidene,"9(8,1)-9(5,4)",238.067706,-4.77956,143.213,-3.9635
c-HCCCHv=0,Cyclopropenylidene,"3(2,1)-2(1,2)",244.2221334,-4.18765,18.16614,-3.6351
c-HCCCHv=0,Cyclopropenylidene,"17(10,7)-17(9,8)",244.461198,-3.31428,452.26923,-2.6916
c-HCCCHv=0,Cyclopropenylidene,"17(11,7)-17(10,8)",244.988078,-3.3116,452.2961,-3.167
c-HCCCHv=0,Cyclopropenylidene,"9(9,0)-9(6,3)",245.4355594,-5.16014,148.48603,-4.3647
c-HCCCHv=0,Cyclopropenylidene,"16(9,7)-16(8,8)",246.326853,-3.3217,397.81519,-3.1261
c-HCCCHv=0,Cyclopropenylidene,"16(10,7)-16(9,8)",246.557769,-3.3205,397.82685,-2.6482
c-HCCCHv=0,Cyclopropenylidene,"15(8,7)-15(7,8)",247.807193,-3.33388,346.51399,-2.6166
c-HCCCHv=0,Cyclopropenylidene,"15(9,7)-15(8,8)",247.901483,-3.33339,346.51866,-3.0934
c-HCCCHv=0,Cyclopropenylidene,"14(7,7)-14(6,8)",248.9917,-3.35135,298.37698,-3.0725
c-HCCCHv=0,Cyclopropenylidene,"14(8,7)-14(7,8)",249.027195,-3.35121,298.37868,-2.5953
c-HCCCHv=0,Cyclopropenylidene,"5(2,3)-4(3,2)",249.054368,-3.33982,41.02111,-2.6324
c-HCCCHv=0,Cyclopropenylidene,"10(9,1)-10(6,4)",249.2454508,-4.66419,175.73168,-4.3484
c-HCCCHv=0,Cyclopropenylidene,"13(6,7)-13(5,8)",249.941555,-3.37551,253.41357,-2.5871
c-HCCCHv=0,Cyclopropenylidene,"13(7,7)-13(6,8)",249.953727,-3.37547,253.41415,-3.0642
c-HCCCHv=0,Cyclopropenylidene,"12(6,7)-12(5,8)",250.704357,-3.40888,211.63208,-2.5947
c-HCCCHv=0,Cyclopropenylidene,"11(4,7)-11(3,8)",251.3022397,-3.45602,173.03875,-2.6232
c-HCCCHv=0,Cyclopropenylidene,"7(0,7)-6(1,6)",251.3143365,-3.02921,50.6686,-2.2049
c-HCCCHv=0,Cyclopropenylidene,"6(1,5)-5(2,4)",251.5086912,-3.12952,47.48832,-2.8402
c-HCCCHv=0,Cyclopropenylidene,"6(2,5)-5(1,4)",251.5273023,-3.12941,47.48835,-2.363
c-HCCCHv=0,Cyclopropenylidene,"10(4,7)-10(3,8)",251.7734101,-3.52626,137.64061,-2.6825
c-HCCCHv=0,Cyclopropenylidene,"9(2,7)-9(1,8)",252.1359178,-3.64119,105.44282,-2.7949
c-HCCCHv=0,Cyclopropenylidene,"8(2,7)-8(1,8)",252.4098306,-3.873,76.45068,-3.0335
c-HCCCHv=0,Cyclopropenylidene,"5(3,3)-4(2,2)",254.9876398,-3.28643,41.0594,-3.0662
c-HCCCHv=0,Cyclopropenylidene,"5(3,2)-4(4,1)",260.479746,-3.75199,44.72135,-3.069
c-HCCCHv=0,Cyclopropenylidene,"3(3,1)-2(0,2)",261.8317973,-4.33131,18.99372,-4.2867
c-HCCCHv=0,Cyclopropenylidene,"4(4,1)-3(3,0)",265.759438,-3.0973,32.22033,-2.4919
c-HCCCHv=0,Cyclopropenylidene,"11(10,1)-11(7,4)",266.4263738,-4.60259,211.63744,-3.8505
c-HCCCHv=0,Cyclopropenylidene,"10(10,0)-10(7,3)",279.4486923,-5.1923,181.78728,-4.9339
c-HCCCHv=0,Cyclopropenylidene,"18(10,8)-18(9,9)",279.4626997,-3.16065,498.24396,-3.1144
c-HCCCHv=0,Cyclopropenylidene,"18(11,8)-18(10,9)",279.5394948,-3.16035,498.24779,-2.6371
c-HCCCHv=0,Cyclopropenylidene,"17(9,8)-17(8,9)",280.8665335,-3.17205,440.53701,-2.5914
c-HCCCHv=0,Cyclopropenylidene,"17(10,8)-17(9,9)",280.8972559,-3.17198,440.53848,-3.0685
c-HCCCHv=0,Cyclopropenylidene,"16(8,8)-16(7,9)",282.0372222,-3.18757,385.99336,-3.0324
c-HCCCHv=0,Cyclopropenylidene,"16(9,8)-16(8,9)",282.0486631,-3.18757,385.99391,-2.5553
c-HCCCHv=0,Cyclopropenylidene,"11(5,6)-10(8,3)",282.3239614,-5.67689,183.44389,-4.9086
c-HCCCHv=0,Cyclopropenylidene,"4(4,0)-3(3,1)",282.3810856,-3.09095,32.54584,-2.9889
c-HCCCHv=0,Cyclopropenylidene,"15(7,8)-15(6,9)",283.0118566,-3.20814,334.62113,-2.5301
c-HCCCHv=0,Cyclopropenylidene,"14(7,8)-14(6,9)",283.8206773,-3.23543,286.42739,-2.5178
c-HCCCHv=0,Cyclopropenylidene,"13(5,8)-13(4,9)",284.4838568,-3.27197,241.41827,-2.5212
c-HCCCHv=0,Cyclopropenylidene,"8(1,8)-7(0,7)",284.8052056,-2.85802,64.33696,-2.0523
c-HCCCHv=0,Cyclopropenylidene,"6(2,4)-5(3,3)",284.9130055,-3.07654,54.73303,-2.8507
c-HCCCHv=0,Cyclopropenylidene,"7(1,6)-6(2,5)",284.9980002,-2.94087,61.1661,-2.1852
c-HCCCHv=0,Cyclopropenylidene,"12(5,8)-12(4,9)",285.0255039,-3.32277,199.60013,-2.5457
c-HCCCHv=0,Cyclopropenylidene,"11(3,8)-11(2,9)",285.4619499,-3.39722,160.97819,-2.6011
c-HCCCHv=0,Cyclopropenylidene,"6(3,4)-5(2,3)",285.7956688,-3.07114,54.73712,-2.3695
c-HCCCHv=0,Cyclopropenylidene,"10(3,8)-10(2,9)",285.8092427,-3.51747,125.55741,-2.7101
c-HCCCHv=0,Cyclopropenylidene,"9(1,8)-9(0,9)",286.0813959,-3.75604,93.34234,-2.9459
c-HCCCHv=0,Cyclopropenylidene,"12(11,1)-12(8,4)",290.0575106,-4.58483,250.92324,-4.3666
c-HCCCHv=0,Cyclopropenylidene,"7(5,3)-6(6,0)",294.0355782,-4.57623,82.90541,-4.3424
c-HCCCHv=0,Cyclopropenylidene,"5(4,2)-4(3,1)",300.1917052,-3.11886,45.25563,-2.974
c-HCCCHv=0,Cyclopropenylidene,"12(10,2)-12(7,5)",301.0905273,-4.46632,245.03741,-4.2554
c-HCCCHv=0,Cyclopropenylidene,"11(9,2)-11(6,5)",301.6097307,-4.63492,206.61483,-3.9282
c-HCCCHv=0,Cyclopropenylidene,"8(5,4)-7(6,1)",305.5514682,-4.75217,102.97958,-4.0322
c-HCCCHv=0,Cyclopropenylidene,"13(11,2)-13(8,5)",305.8317854,-4.34183,286.83975,-3.6875
c-HCCCHv=0,Cyclopropenylidene,"10(8,2)-10(5,5)",306.1660233,-4.84482,171.53791,-4.6103
c-HCCCHv=0,Cyclopropenylidene,"4(3,1)-3(2,2)",306.5780522,-3.59554,30.8487,-3.5259
c-HCCCHv=0,Cyclopropenylidene,"6(4,2)-5(5,1)",311.8520777,-3.7273,63.7433,-3.5528
c-HCCCHv=0,Cyclopropenylidene,"6(3,3)-5(4,2)",312.7095738,-3.13908,60.26321,-2.9607
c-HCCCHv=0,Cyclopropenylidene,"9(7,2)-9(4,5)",313.3890175,-5.09221,139.75944,-4.3879
c-HCCCHv=0,Cyclopropenylidene,"18(10,9)-18(9,10)",315.0187688,-3.04242,484.83223,-2.5504
c-HCCCHv=0,Cyclopropenylidene,"17(8,9)-17(7,10)",316.0208608,-3.06028,427.05765,-2.5101
c-HCCCHv=0,Cyclopropenylidene,"14(12,2)-14(9,5)",316.7793613,-4.26123,332.03633,-4.1333
c-HCCCHv=0,Cyclopropenylidene,"16(8,9)-16(7,10)",316.8765794,-3.08312,372.45788,-2.4806
c-HCCCHv=0,Cyclopropenylidene,"15(6,9)-15(5,10)",317.5994681,-3.11284,321.03875,-2.464
c-HCCCHv=0,Cyclopropenylidene,"14(6,9)-14(5,10)",318.2069171,-3.15209,272.80613,-2.4632
c-HCCCHv=0,Cyclopropenylidene,"9(0,9)-8(1,8)",318.2943682,-2.70671,79.61262,-1.9219
c-HCCCHv=0,Cyclopropenylidene,"8(2,7)-7(1,6)",318.4823526,-2.77743,76.45074,-2.0366
c-HCCCHv=0,Cyclopropenylidene,"11(11,0)-11(8,3)",318.5949983,-5.23309,218.45038,-4.5667
c-HCCCHv=0,Cyclopropenylidene,"7(2,5)-6(3,4)",318.6969695,-2.88248,70.03205,-2.187
c-HCCCHv=0,Cyclopropenylidene,"13(4,9)-13(3,10)",318.7129614,-3.20589,227.76531,-2.4835
c-HCCCHv=0,Cyclopropenylidene,"7(3,5)-6(2,4)",318.7902377,-2.88193,70.03235,-2.6637
c-HCCCHv=0,Cyclopropenylidene,"12(4,9)-12(3,10)",319.1307938,-3.28398,185.92122,-2.535
c-HCCCHv=0,Cyclopropenylidene,"11(2,9)-11(1,10)",319.4722657,-3.40866,147.27833,-2.6404
c-HCCCHv=0,Cyclopropenylidene,"10(2,9)-10(1,10)",319.7481633,-3.65279,111.84074,-2.8731
c-HCCCHv=0,Cyclopropenylidene,"13(12,1)-13(9,4)",320.2290329,-4.5985,293.58073,-3.9734
c-HCCCHv=0,Cyclopropenylidene,"8(8,1)-8(5,4)",323.6870965,-5.58998,118.51402,-4.9169
c-HCCCHv=0,Cyclopropenylidene,"13(6,7)-12(9,4)",324.4704877,-5.52128,253.41359,-4.8436
c-HCCCHv=0,Cyclopropenylidene,"6(4,3)-5(3,2)",326.152758,-3.02533,60.37402,-2.3878
c-HCCCHv=0,Cyclopropenylidene,"15(13,2)-15(10,5)",334.5833244,-4.22085,380.62567,-3.6803
c-HCCCHv=0,Cyclopropenylidene,"4(4,1)-3(1,2)",336.9485895,-3.88372,32.22035,-3.3789
c-HCCCHv=0,Cyclopropenylidene,"5(5,1)-4(4,0)",338.2039881,-2.75491,48.77695,-2.6656
c-HCCCHv=0,Cyclopropenylidene,"11(6,5)-10(9,2)",346.8409317,-5.23308,192.13988,-4.5645
c-HCCCHv=0,Cyclopropenylidene,"8(6,3)-7(7,0)",347.483805,-4.33807,108.66101,-3.6807
c-HCCCHv=0,Cyclopropenylidene,"4(2,2)-3(1,3)",349.0744868,-4.04879,28.82195,-4.0311
c-HCCCHv=0,Cyclopropenylidene,"5(5,0)-4(4,1)",349.2639776,-2.74235,48.98229,-2.1898
c-HCCCHv=0,Cyclopropenylidene,"18(9,10)-18(8,11)",349.8676169,-2.94746,469.71369,-2.4779
c-HCCCHv=0,Cyclopropenylidene,"17(7,10)-17(6,11)",350.6468694,-2.97229,411.89101,-2.4441
c-HCCCHv=0,Cyclopropenylidene,"16(7,10)-16(6,11)",351.3167039,-3.00403,357.25023,-2.4231
c-HCCCHv=0,Cyclopropenylidene,"7(3,4)-6(4,3)",351.5232708,-2.86601,77.2444,-2.2224
c-HCCCHv=0,Cyclopropenylidene,"10(1,10)-9(0,9)",351.7815686,-2.57126,96.49544,-1.8097
c-HCCCHv=0,Cyclopropenylidene,"15(5,10)-15(4,11)",351.889019,-3.04558,305.79654,-2.418
c-HCCCHv=0,Cyclopropenylidene,"9(1,8)-8(2,7)",351.9659336,-2.63284,93.3423,-1.9104
c-HCCCHv=0,Cyclopropenylidene,"8(3,6)-7(2,5)",352.1936357,-2.71934,86.9346,-2.0362
c-HCCCHv=0,Cyclopropenylidene,"14(5,10)-14(4,11)",352.3748615,-3.1021,257.53478,-2.4342
c-HCCCHv=0,Cyclopropenylidene,"13(3,10)-13(2,11)",352.7843238,-3.18331,212.46961,-2.4817
c-HCCCHv=0,Cyclopropenylidene,"12(3,10)-12(2,11)",353.1266811,-3.31169,170.60536,-2.5833
c-HCCCHv=0,Cyclopropenylidene,"11(1,10)-11(0,11)",353.4104396,-3.5604,131.94617,-2.8126
c-HCCCHv=0,Cyclopropenylidene,"7(4,4)-6(3,3)",354.1429712,-2.85204,77.2592,-2.6887
c-HCCCHv=0,Cyclopropenylidene,"4(3,2)-3(0,3)",354.2400917,-4.05026,29.06842,-3.562
c-HCCCHv=0,Cyclopropenylidene,"11(7,4)-10(10,1)",355.7547414,-5.63686,198.85107,-4.9887
c-HCCCHv=0,Cyclopropenylidene,"10(6,5)-9(7,2)",356.3174375,-4.82467,156.85984,-4.1559
c-HCCCHv=0,Cyclopropenylidene,"14(13,1)-14(10,4)",356.5831068,-4.62987,339.60197,-4.5629
c-HCCCHv=0,Cyclopropenylidene,"7(5,2)-6(6,1)",359.0190682,-3.74958,85.90339,-3.1274
c-HCCCHv=0,Cyclopropenylidene,"16(14,2)-16(11,5)",359.5776358,-4.21413,432.59777,-4.2292
c-HCCCHv=0,Cyclopropenylidene,"15(7,8)-14(10,5)",362.5974797,-5.40931,334.62112,-4.8361
c-HCCCHv=0,Cyclopropenylidene,"16(13,3)-16(10,6)",366.504895,-4.12095,425.3682,-4.1336
c-HCCCHv=0,Cyclopropenylidene,"5(4,1)-4(3,2)",368.2936196,-3.17972,46.74366,-2.6463
c-HCCCHv=0,Cyclopropenylidene,"15(12,3)-15(9,6)",368.6311034,-4.24979,374.31741,-3.741
c-HCCCHv=0,Cyclopropenylidene,"8(7,2)-8(4,5)",368.802328,-5.50318,113.47946,-4.8779
c-HCCCHv=0,Cyclopropenylidene,"10(10,1)-10(7,4)",370.2727011,-5.4046,181.77758,-4.7881
c-HCCCHv=0,Cyclopropenylidene,"17(14,3)-17(11,6)",370.458819,-4.0254,479.80701,-3.6187
c-HCCCHv=0,Cyclopropenylidene,"9(6,4)-8(7,1)",371.2182708,-4.30045,131.89553,-4.1334
c-HCCCHv=0,Cyclopropenylidene,"7(4,3)-6(5,2)",373.6699511,-3.01604,82.64314,-2.406
c-HCCCHv=0,Cyclopropenylidene,"6(5,2)-5(4,1)",374.3576975,-2.82538,64.70996,-2.2523
c-HCCCHv=0,Cyclopropenylidene,"14(11,3)-14(8,6)",375.5829017,-4.40678,326.62221,-4.3429
c-HCCCHv=0,Cyclopropenylidene,"18(8,11)-18(7,12)",384.3524269,-2.87275,452.92282,-2.4185
c-HCCCHv=0,Cyclopropenylidene,"17(6,11)-17(5,12)",384.9885867,-2.90628,395.06276,-2.3931
c-HCCCHv=0,Cyclopropenylidene,"11(0,11)-10(1,10)",385.2665728,-2.44869,114.98511,-1.7127
c-HCCCHv=0,Cyclopropenylidene,"10(2,9)-9(1,8)",385.4483359,-2.50313,111.84077,-1.8023
c-HCCCHv=0,Cyclopropenylidene,"16(6,11)-16(5,12)",385.5404206,-2.94987,340.38985,-2.3837
c-HCCCHv=0,Cyclopropenylidene,"9(2,7)-8(3,6)",385.6524532,-2.57671,105.44287,-1.9103
c-HCCCHv=0,Cyclopropenylidene,"8(3,5)-7(4,4)",385.8771783,-2.68623,95.77837,-2.5315
c-HCCCHv=0,Cyclopropenylidene,"13(10,3)-13(7,6)",385.8994997,-4.58522,282.23378,-4.0224
c-HCCCHv=0,Cyclopropenylidene,"15(4,11)-15(3,12)",386.0165838,-3.00872,288.90853,-2.3957
c-HCCCHv=0,Cyclopropenylidene,"8(4,5)-7(3,4)",386.218136,-2.68487,95.77991,-2.0534
c-HCCCHv=0,Cyclopropenylidene,"14(4,11)-14(3,12)",386.4250962,-3.09262,240.62349,-2.4391
c-HCCCHv=0,Cyclopropenylidene,"13(2,11)-13(1,12)",386.7733857,-3.22427,195.53869,-2.5369
c-HCCCHv=0,Cyclopropenylidene,"12(2,11)-12(1,12)",387.0683245,-3.47685,153.65806,-2.7626
c-HCCCHv=0,Cyclopropenylidene,"10(9,2)-10(6,5)",388.2795266,-5.12711,175.49425,-4.5215
c-HCCCHv=0,Cyclopropenylidene,"17(15,2)-17(12,5)",391.6887302,-4.23157,487.94102,-3.8601
c-HCCCHv=0,Cyclopropenylidene,"12(7,6)-11(8,3)",392.4979732,-4.93456,221.99715,-4.3251
c-HCCCHv=0,Cyclopropenylidene,"12(7,5)-11(10,2)",397.7492472,-5.02652,230.58741,-4.9122
c-HCCCHv=0,Cyclopropenylidene,"9(7,3)-8(8,0)",398.0299309,-4.18127,137.65268,-4.0519
c-HCCCHv=0,Cyclopropenylidene,"12(9,3)-12(6,6)",398.0998302,-4.77923,241.09746,-4.6805
c-HCCCHv=0,Cyclopropenylidene,"15(14,1)-15(11,4)",398.3596798,-4.66582,388.98125,-4.2109
c-HCCCHv=0,Cyclopropenylidene,"17(8,9)-16(11,6)",398.4582564,-5.3161,427.05767,-4.8637
c-HCCCHv=0,Cyclopropenylidene,"7(5,3)-6(4,2)",399.2743721,-2.80285,82.90539,-2.6982
c-HCCCHv=0,Cyclopropenylidene,"8(6,2)-7(7,1)",402.4076949,-3.79062,111.22959,-3.6759
c-HCCCHv=0,Cyclopropenylidene,"11(10,2)-11(7,5)",402.5351969,-5.00051,211.4986,-4.8998
c-HCCCHv=0,Cyclopropenylidene,"13(7,6)-12(10,3)",406.7095852,-4.96465,263.71374,-4.3971
c-HCCCHv=0,Cyclopropenylidene,"13(13,0)-13(10,3)",408.7455833,-5.29474,301.85033,-4.7845
c-HCCCHv=0,Cyclopropenylidene,"6(6,1)-5(5,0)",410.296084,-2.47519,68.6733,-1.9464
c-HCCCHv=0,Cyclopropenylidene,"11(8,3)-11(5,6)",410.8256285,-4.98644,203.16028,-4.4051
c-HCCCHv=0,Cyclopropenylidene,"5(3,2)-4(2,3)",411.810838,-3.53147,44.72129,-3.0421
c-HCCCHv=0,Cyclopropenylidene,"5(5,1)-4(2,2)",415.7961666,-3.66733,48.77694,-3.665
c-HCCCHv=0,Cyclopropenylidene,"6(6,0)-5(5,1)",417.0908716,-2.4649,68.79394,-2.4203
c-HCCCHv=0,Cyclopropenylidene,"8(4,4)-7(5,3)",417.3808229,-2.70349,102.93645,-2.5921
c-HCCCHv=0,Cyclopropenylidene,"19(7,12)-19(6,13)",418.0089532,-2.78252,495.55405,-2.4024
c-HCCCHv=0,Cyclopropenylidene,"18(7,12)-18(6,13)",418.625296,-2.81766,434.47697,-2.3726
c-HCCCHv=0,Cyclopropenylidene,"12(1,12)-11(0,11)",418.74916,-2.33659,135.08192,-1.6285
c-HCCCHv=0,Cyclopropenylidene,"11(1,10)-10(2,9)",418.9288491,-2.38544,131.94611,-1.7092
c-HCCCHv=0,Cyclopropenylidene,"10(3,8)-9(2,7)",419.1216608,-2.44949,125.55745,-1.8037
c-HCCCHv=0,Cyclopropenylidene,"17(5,12)-17(4,13)",419.1671161,-2.86309,376.58634,-2.3589
c-HCCCHv=0,Cyclopropenylidene,"9(3,6)-8(4,5)",419.3992461,-2.53901,115.90771,-1.923
c-HCCCHv=0,Cyclopropenylidene,"9(4,6)-8(3,5)",419.4343845,-2.53885,115.90796,-2.4
c-HCCCHv=0,Cyclopropenylidene,"16(5,12)-16(4,13)",419.6413851,-2.92394,321.88684,-2.3666
c-HCCCHv=0,Cyclopropenylidene,"15(3,12)-15(2,13)",420.0546104,-3.01024,270.38278,-2.4059
c-HCCCHv=0,Cyclopropenylidene,"12(11,2)-12(8,5)",420.155892,-4.9042,250.84484,-4.3651
c-HCCCHv=0,Cyclopropenylidene,"14(8,7)-13(9,4)",420.204109,-4.9968,298.37875,-4.4621
c-HCCCHv=0,Cyclopropenylidene,"14(3,12)-14(2,13)",420.4128636,-3.14475,222.07821,-2.4998
c-HCCCHv=0,Cyclopropenylidene,"13(1,12)-13(0,13)",420.7218023,-3.40059,176.9767,-2.7217
c-HCCCHv=0,Cyclopropenylidene,"5(4,2)-4(1,3)",423.1461277,-3.54918,45.25551,-3.5491
c-HCCCHv=0,Cyclopropenylidene,"8(5,4)-7(4,3)",423.746729,-2.6718,102.97968,-2.0897
c-HCCCHv=0,Cyclopropenylidene,"12(12,1)-12(9,4)",429.8268773,-5.32022,258.46987,-4.8017
c-HCCCHv=0,Cyclopropenylidene,"6(5,1)-5(4,2)",429.8501951,-2.84457,65.88504,-2.8084
c-HCCCHv=0,Cyclopropenylidene,"11(7,5)-10(8,2)",430.1157594,-4.34697,192.1801,-4.2461
c-HCCCHv=0,Cyclopropenylidene,"8(5,3)-7(6,2)",430.9936983,-2.95911,108.13052,-2.8687
c-HCCCHv=0,Cyclopropenylidene,"10(7,4)-9(8,1)",433.2882766,-3.96878,164.00746,-3.3926
c-HCCCHv=0,Cyclopropenylidene,"9(6,3)-9(3,6)",433.3892626,-5.45934,136.70706,-4.8872
c-HCCCHv=0,Cyclopropenylidene,"13(12,2)-13(9,5)",441.2736055,-4.83274,293.53759,-4.8197
c-HCCCHv=0,Cyclopropenylidene,"9(7,2)-8(8,1)",442.6835651,-3.83193,139.75945,-3.2731
c-HCCCHv=0,Cyclopropenylidene,"13(8,5)-12(11,2)",444.1830534,-4.89836,272.16216,-4.38
c-HCCCHv=0,Cyclopropenylidene,"16(15,1)-16(12,4)",444.5247162,-4.69641,441.71341,-4.8138
c-HCCCHv=0,Cyclopropenylidene,"10(8,3)-9(9,0)",446.0829773,-4.07617,169.89459,-3.5207
c-HCCCHv=0,Cyclopropenylidene,"16(9,8)-15(10,5)",446.4399964,-5.002,385.99391,-4.5634
c-HCCCHv=0,Cyclopropenylidene,"7(6,2)-6(5,1)",449.263449,-2.56511,87.44608,-2.5165
c-HCCCHv=0,Cyclopropenylidene,"13(0,13)-12(1,12)",452.2291163,-2.23347,156.78527,-1.5556
c-HCCCHv=0,Cyclopropenylidene,"12(2,11)-11(1,10)",452.4070448,-2.27771,153.65815,-1.6289
c-HCCCHv=0,Cyclopropenylidene,"5(2,3)-4(1,4)",452.4426038,-3.90139,41.02111,-3.4461
c-HCCCHv=0,Cyclopropenylidene,"11(2,9)-10(3,8)",452.5918721,-2.33426,147.27832,-1.7126
c-HCCCHv=0,Cyclopropenylidene,"18(6,13)-18(5,14)",452.7728821,-2.78369,414.3862,-2.3424
c-HCCCHv=0,Cyclopropenylidene,"10(4,7)-9(3,6)",452.8403231,-2.41027,137.64056,-1.8144
c-HCCCHv=0,Cyclopropenylidene,"9(4,5)-8(5,4)",452.9816442,-2.52538,124.71915,-1.9544
c-HCCCHv=0,Cyclopropenylidene,"5(3,3)-4(0,4)",453.2414789,-3.90037,41.0593,-3.923
c-HCCCHv=0,Cyclopropenylidene,"16(4,13)-16(3,14)",453.6737706,-2.93483,301.74738,-2.381
c-HCCCHv=0,Cyclopropenylidene,"9(5,5)-8(4,4)",453.9933919,-2.52152,124.72454,-2.4286
c-HCCCHv=0,Cyclopropenylidene,"15(2,13)-15(1,14)",454.0453598,-3.07172,250.22348,-2.4708
c-HCCCHv=0,Cyclopropenylidene,"14(2,13)-14(1,14)",454.3707904,-3.33051,201.90166,-2.6889
c-HCCCHv=0,Cyclopropenylidene,"10(8,3)-10(5,6)",454.5355986,-5.21902,169.89452,-4.6714
c-HCCCHv=0,Cyclopropenylidene,"17(13,4)-17(10,7)",454.7214799,-4.22802,474.09222,-3.8991
c-HCCCHv=0,Cyclopropenylidene,"15(8,7)-14(11,4)",457.3325654,-4.83011,346.51387,-4.3716
c-HCCCHv=0,Cyclopropenylidene,"11(9,3)-11(6,6)",457.5194715,-5.02496,205.40308,-4.9691
c-HCCCHv=0,Cyclopropenylidene,"12(10,3)-12(7,6)",462.52788,-4.86369,244.19482,-4.3552
c-HCCCHv=0,Cyclopropenylidene,"14(8,6)-13(11,3)",464.8992304,-4.71706,308.59713,-4.7166
c-HCCCHv=0,Cyclopropenylidene,"14(13,2)-14(10,5)",465.9002954,-4.78103,339.57884,-4.3492
c-HCCCHv=0,Cyclopropenylidene,"13(11,3)-13(8,6)",470.0335272,-4.73023,286.28566,-4.7331
c-HCCCHv=0,Cyclopropenylidene,"16(12,4)-16(9,7)",470.1706985,-4.37754,420.37972,-4.4875
c-HCCCHv=0,Cyclopropenylidene,"13(8,6)-12(9,3)",471.5417188,-4.48895,263.72779,-4.4605
c-HCCCHv=0,Cyclopropenylidene,"6(4,2)-5(3,3)",472.6606046,-3.18315,63.74344,-3.1836
c-HCCCHv=0,Cyclopropenylidene,"8(6,3)-7(5,2)",474.1963571,-2.60059,108.66112,-2.0738
c-HCCCHv=0,Cyclopropenylidene,"18(10,9)-17(11,6)",475.1649535,-4.97243,484.83209,-4.6533
c-HCCCHv=0,Cyclopropenylidene,"14(12,3)-14(9,6)",480.4608917,-4.6209,331.68934,-4.1905
c-HCCCHv=0,Cyclopropenylidene,"10(8,2)-9(9,1)",480.7191076,-3.86301,171.53786,-3.8183
c-HCCCHv=0,Cyclopropenylidene,"7(7,1)-6(6,0)",481.8115592,-2.2426,91.91718,-2.2297
c-HCCCHv=0,Cyclopropenylidene,"9(5,4)-8(6,3)",481.8810076,-2.58151,131.78764,-2.0466
c-HCCCHv=0,Cyclopropenylidene,"9(6,3)-8(7,2)",483.9861806,-2.95617,136.70711,-2.4302
c-HCCCHv=0,Cyclopropenylidene,"14(9,5)-13(12,2)",485.4092124,-4.84271,316.83342,-4.8722
c-HCCCHv=0,Cyclopropenylidene,"14(1,14)-13(0,13)",485.7062327,-2.13792,180.09544,-1.4926
c-HCCCHv=0,Cyclopropenylidene,"7(7,0)-6(6,1)",485.7316202,-2.23624,91.9846,-1.7497
c-HCCCHv=0,Cyclopropenylidene,"13(1,12)-12(2,11)",485.8825941,-2.17835,176.9766,-1.5597
c-HCCCHv=0,Cyclopropenylidene,"12(3,10)-11(2,9)",486.0614602,-2.22899,170.6054,-1.6347
c-HCCCHv=0,Cyclopropenylidene,"11(3,8)-10(4,7)",486.2804119,-2.29493,160.97817,-1.7231
c-HCCCHv=0,Cyclopropenylidene,"19(5,14)-19(4,15)",486.3601719,-2.71051,453.78926,-2.3333
c-HCCCHv=0,Cyclopropenylidene,"15(11,4)-15(8,7)",486.5197664,-4.53057,369.86304,-4.1317
c-HCCCHv=0,Cyclopropenylidene,"10(4,6)-9(5,5)",486.648181,-2.38746,148.07985,-2.3139
c-HCCCHv=0,Cyclopropenylidene,"10(5,6)-9(4,5)",486.7704273,-2.38707,148.08039,-1.8365
c-HCCCHv=0,Cyclopropenylidene,"18(5,14)-18(4,15)",486.8476043,-2.77493,392.65664,-2.3325
c-HCCCHv=0,Cyclopropenylidene,"17(3,14)-17(2,15)",487.2831214,-2.8652,334.71703,-2.3634
c-HCCCHv=0,Cyclopropenylidene,"16(3,14)-16(2,15)",487.6709731,-3.00436,279.97467,-2.4492
c-HCCCHv=0,Cyclopropenylidene,"15(1,14)-15(0,15)",488.0151638,-3.26573,228.43292,-2.6634
c-HCCCHv=0,Cyclopropenylidene,"11(8,4)-10(9,1)",491.5000251,-3.73355,199.31978,-3.6988
c-HCCCHv=0,Cyclopropenylidene,"7(6,1)-6(5,2)",491.8652119,-2.55972,88.31559,-2.0731
c-HCCCHv=0,Cyclopropenylidene,"11(9,3)-10(10,0)",492.0755877,-4.00366,205.40304,-3.9782
c-HCCCHv=0,Cyclopropenylidene,"6(5,2)-5(2,3)",493.5969243,-3.24138,64.70995,-2.7842
c-HCCCHv=0,Cyclopropenylidene,"17(16,1)-17(13,4)",493.8750705,-4.71582,497.79439,-4.4557
c-HCCCHv=0,Cyclopropenylidene,"15(14,2)-15(11,5)",493.9272305,-4.74489,388.96901,-4.8571
c-HCCCHv=0,Cyclopropenylidene,"15(13,3)-15(10,6)",494.1559068,-4.53307,380.41686,-4.6331
c-HCCCHv=0,Cyclopropenylidene,"9(6,4)-8(5,3)",495.1862836,-2.51647,131.89557,-2.4702
c-HCCCHv=0,Cyclopropenylidene,"6(6,1)-5(3,2)",499.0803261,-3.57564,68.67319,-3.1288
c-HCCCHv=0,Cyclopropenylidene,"14(14,1)-14(11,4)",500.4171967,-5.28527,348.58159,-4.8963
c-HCCCHv=0,Cyclopropenylidene,"5(5,0)-4(2,3)",500.5950784,-4.89963,48.98224,-4.4981
c-HCCCHv=0,Cyclopropenylidene,"15(9,7)-14(10,4)",500.7030331,-4.60756,346.51859,-4.664
c-HCCCHv=0,Cyclopropenylidene,"17(9,8)-16(12,5)",500.7552088,-4.75654,440.537,-4.4193
c-HCCCHv=0,Cyclopropenylidene,"12(8,5)-11(9,2)",501.4549874,-3.94943,230.68071,-3.4551
c-HCCCHv=0,Cyclopropenylidene,"14(10,4)-14(7,7)",502.413223,-4.68616,322.48877,-4.7382
c-HCCCHv=0,Cyclopropenylidene,"15(15,0)-15(12,3)",507.3287134,-5.30522,398.66519,-4.9655
c-HCCCHv=0,Cyclopropenylidene,"16(14,3)-16(11,6)",511.361615,-4.46413,432.47614,-4.1495
c-HCCCHv=0,Cyclopropenylidene,"13(9,4)-13(6,7)",516.7226718,-4.84755,278.21227,-4.4011
c-HCCCHv=0,Cyclopropenylidene,"11(9,2)-10(10,1)",517.5264164,-3.87942,206.61484,-3.3996
c-HCCCHv=0,Cyclopropenylidene,"6(3,3)-5(2,4)",517.6952592,-3.40254,60.26319,-3.4359
c-HCCCHv=0,Cyclopropenylidene,"15(0,15)-14(1,14)",519.1803041,-2.04885,205.012,-1.4384
c-HCCCHv=0,Cyclopropenylidene,"14(2,13)-13(1,12)",519.3552208,-2.08615,201.90158,-1.5003
c-HCCCHv=0,Cyclopropenylidene,"13(2,11)-12(3,10)",519.5292987,-2.13198,195.53878,-1.5681
c-HCCCHv=0,Cyclopropenylidene,"15(9,6)-14(12,3)",519.5985955,-4.52973,356.62607,-4.1391
c-HCCCHv=0,Cyclopropenylidene,"12(4,9)-11(3,8)",519.7303042,-2.19022,185.92119,-1.646
c-HCCCHv=0,Cyclopropenylidene,"10(5,5)-9(6,4)",519.8513372,-2.39158,156.84431,-2.3582
c-HCCCHv=0,Cyclopropenylidene,"20(6,15)-20(5,16)",519.9306181,-2.64286,494.79559,-2.3311
c-HCCCHv=0,Cyclopropenylidene,"6(4,3)-5(1,4)",520.0236247,-3.40064,60.37407,-2.9589
c-HCCCHv=0,Cyclopropenylidene,"11(4,7)-10(5,6)",520.0507739,-2.2683,173.03873,-1.7419
c-HCCCHv=0,Cyclopropenylidene,"19(4,15)-19(3,16)",520.4311559,-2.7087,430.44781,-2.3259
c-HCCCHv=0,Cyclopropenylidene,"15(10,5)-14(13,2)",520.6995207,-4.85525,364.56839,-4.477
c-HCCCHv=0,Cyclopropenylidene,"18(4,15)-18(3,16)",520.8829793,-2.80071,369.29175,-2.3526
c-HCCCHv=0,Cyclopropenylidene,"16(9,7)-15(12,4)",521.2287575,-4.56603,397.8151,-4.6863
c-HCCCHv=0,Cyclopropenylidene,"17(2,15)-17(1,16)",521.2897083,-2.94175,311.33134,-2.4342
c-HCCCHv=0,Cyclopropenylidene,"16(2,15)-16(1,16)",521.6547703,-3.20538,256.57019,-2.6444
c-HCCCHv=0,Cyclopropenylidene,"10(6,5)-9(5,4)",522.4249111,-2.38262,156.85991,-1.8742
c-HCCCHv=0,Cyclopropenylidene,"8(7,2)-7(6,1)",524.3344209,-2.33033,113.47944,-1.8524
c-HCCCHv=0,Cyclopropenylidene,"17(10,8)-16(11,5)",525.0358984,-4.66501,440.53846,-4.8246
c-HCCCHv=0,Cyclopropenylidene,"16(15,2)-16(12,5)",525.1340023,-4.72021,441.70699,-4.43
c-HCCCHv=0,Cyclopropenylidene,"7(5,2)-6(4,3)",531.9465824,-2.9035,85.90331,-2.446
c-HCCCHv=0,Cyclopropenylidene,"17(15,3)-17(12,6)",532.2017034,-4.41155,487.87183,-4.6453
c-HCCCHv=0,Cyclopropenylidene,"10(7,3)-9(8,2)",532.4055873,-2.99076,168.37584,-2.984
c-HCCCHv=0,Cyclopropenylidene,"12(10,3)-11(11,0)",536.430855,-3.95171,244.19473,-3.505
c-HCCCHv=0,Cyclopropenylidene,"11(7,4)-11(4,7)",537.8437677,-5.21995,198.85097,-4.7449
c-HCCCHv=0,Cyclopropenylidene,"10(6,4)-9(7,3)",544.1981455,-2.49843,163.76985,-2.4941
c-HCCCHv=0,Cyclopropenylidene,"13(10,4)-13(7,7)",545.3143744,-4.83356,279.58502,-4.8886
c-HCCCHv=0,Cyclopropenylidene,"14(11,4)-14(8,7)",545.6485831,-4.68265,324.5656,-4.2949
c-HCCCHv=0,Cyclopropenylidene,"12(9,4)-11(10,1)",546.0086065,-3.57096,237.84153,-3.1224
c-HCCCHv=0,Cyclopropenylidene,"12(9,4)-12(6,7)",546.1208151,-5.00718,237.84159,-4.5587
c-HCCCHv=0,Cyclopropenylidene,"15(12,4)-15(9,7)",547.6230738,-4.55127,372.80027,-4.683
c-HCCCHv=0,Cyclopropenylidene,"10(7,4)-10(4,7)",549.3989768,-5.44896,164.00737,-4.9718
c-HCCCHv=0,Cyclopropenylidene,"14(9,6)-13(10,3)",550.0310983,-4.0877,308.63093,-3.6802
c-HCCCHv=0,Cyclopropenylidene,"9(7,3)-8(6,2)",550.5694717,-2.40904,137.65264,-2.4152
c-HCCCHv=0,Cyclopropenylidene,"16(13,4)-16(10,7)",551.748337,-4.43766,424.30646,-4.1428
c-HCCCHv=0,Cyclopropenylidene,"16(1,16)-15(0,15)",552.6511281,-1.96555,231.53494,-1.3923
c-HCCCHv=0,Cyclopropenylidene,"8(8,1)-7(7,0)",552.7887211,-2.0456,118.51403,-1.5969
c-HCCCHv=0,Cyclopropenylidene,"15(1,14)-14(2,13)",552.8246775,-2.00006,228.43294,-1.4496
c-HCCCHv=0,Cyclopropenylidene,"14(3,12)-13(2,11)",552.9946987,-2.04197,222.07814,-1.5114
c-HCCCHv=0,Cyclopropenylidene,"13(3,10)-12(4,9)",553.1828287,-2.094,212.46958,-1.5807
c-HCCCHv=0,Cyclopropenylidene,"12(5,8)-11(4,7)",553.4535683,-2.1617,199.60012,-1.6634
c-HCCCHv=0,Cyclopropenylidene,"6(2,4)-5(1,5)",553.8244769,-3.78943,54.73291,-3.8428
c-HCCCHv=0,Cyclopropenylidene,"6(3,4)-5(0,5)",553.9103212,-3.78928,54.73703,-3.3656
c-HCCCHv=0,Cyclopropenylidene,"20(5,16)-20(4,17)",554.0024858,-2.64702,469.84305,-2.3255
c-HCCCHv=0,Cyclopropenylidene,"12(10,2)-11(11,1)",554.0894922,-3.88193,245.03746,-3.927
c-HCCCHv=0,Cyclopropenylidene,"11(6,6)-10(5,5)",554.2859742,-2.25663,183.44572,-2.2489
c-HCCCHv=0,Cyclopropenylidene,"19(3,16)-19(2,17)",554.4735101,-2.74064,405.47126,-2.348
c-HCCCHv=0,Cyclopropenylidene,"18(3,16)-18(2,17)",554.9015077,-2.88342,344.29349,-2.4254
c-HCCCHv=0,Cyclopropenylidene,"8(7,1)-7(6,2)",554.9617111,-2.31407,114.08001,-2.3377
c-HCCCHv=0,Cyclopropenylidene,"17(1,16)-17(0,17)",555.2894382,-3.14893,286.31347,-2.6314
c-HCCCHv=0,Cyclopropenylidene,"17(14,4)-17(11,7)",558.5114751,-4.34052,479.10023,-4.5816
c-HCCCHv=0,Cyclopropenylidene,"17(16,2)-17(13,5)",559.2066176,-4.70385,497.79112,-4.9725
c-HCCCHv=0,Cyclopropenylidene,"7(6,2)-6(3,3)",566.4040702,-3.03791,87.44607,-3.0858
c-HCCCHv=0,Cyclopropenylidene,"18(10,8)-17(13,5)",568.6429556,-4.49249,498.24399,-4.7446
c-HCCCHv=0,Cyclopropenylidene,"10(7,4)-9(6,3)",568.8500373,-2.37564,164.00739,-1.9129
c-HCCCHv=0,Cyclopropenylidene,"13(9,5)-12(10,2)",569.3122238,-3.62987,272.35993,-3.6923
c-HCCCHv=0,Cyclopropenylidene,"16(10,6)-15(13,3)",570.132952,-4.39938,407.77882,-4.5713
c-HCCCHv=0,Cyclopropenylidene,"17(12,5)-16(15,2)",571.6767665,-5.0513,469.14302,-4.8105
c-HCCCHv=0,Cyclopropenylidene,"11(8,3)-10(9,2)",576.4696341,-3.04525,203.16026,-2.6052
c-HCCCHv=0,Cyclopropenylidene,"6(6,0)-5(3,3)",577.8993985,-4.45544,68.79407,-4.5468
c-HCCCHv=0,Cyclopropenylidene,"13(11,3)-12(12,0)",579.5403361,-3.91253,286.28559,-4.0025
c-HCCCHv=0,Cyclopropenylidene,"7(4,3)-6(3,4)",581.4712066,-3.08131,82.64315,-2.656
c-HCCCHv=0,Cyclopropenylidene,"16(10,7)-15(11,4)",582.6731616,-4.2443,397.82685,-3.9337
c-HCCCHv=0,Cyclopropenylidene,"17(0,17)-16(1,16)",586.1185056,-1.88733,259.66394,-1.3536
c-HCCCHv=0,Cyclopropenylidene,"11(6,5)-10(7,4)",586.1893868,-2.28099,192.13989,-1.8319
c-HCCCHv=0,Cyclopropenylidene,"16(2,15)-15(1,14)",586.2907346,-1.91943,256.57023,-1.4069
c-HCCCHv=0,Cyclopropenylidene,"15(2,13)-14(3,12)",586.4571737,-1.95795,250.22346,-1.4635
c-HCCCHv=0,Cyclopropenylidene,"14(4,11)-13(3,10)",586.6354711,-2.00506,240.62349,-1.5258
c-HCCCHv=0,Cyclopropenylidene,"13(4,9)-12(5,8)",586.8702862,-2.06467,227.7654,-1.598
c-HCCCHv=0,Cyclopropenylidene,"7(5,3)-6(2,4)",587.0219712,-3.07988,82.90537,-3.136
c-HCCCHv=0,Cyclopropenylidene,"7(7,1)-6(4,2)",587.0503531,-3.55511,91.91716,-3.6243
c-HCCCHv=0,Cyclopropenylidene,"12(5,7)-11(6,6)",587.3073596,-2.14497,211.63188,-2.1658
c-HCCCHv=0,Cyclopropenylidene,"12(6,7)-11(5,6)",587.3491468,-2.14487,211.63202,-1.6886
c-HCCCHv=0,Cyclopropenylidene,"20(4,17)-20(3,18)",588.054777,-2.6843,443.25527,-2.349
c-HCCCHv=0,Cyclopropenylidene,"19(2,17)-19(1,18)",588.5062697,-2.82869,378.86082,-2.4222
c-HCCCHv=0,Cyclopropenylidene,"18(2,17)-18(1,18)",588.9189822,-3.09603,317.6626,-2.6241
c-HCCCHv=0,Cyclopropenylidene,"8(6,2)-7(5,3)",590.1836759,-2.65851,111.22963,-2.7035
c-HCCCHv=0,Cyclopropenylidene,"13(11,2)-12(12,1)",591.1355357,-3.87426,286.83977,-3.4961
c-HCCCHv=0,Cyclopropenylidene,"11(7,5)-10(6,4)",591.9757906,-2.26175,192.18005,-2.2939
c-HCCCHv=0,Cyclopropenylidene,"17(12,5)-17(9,8)",596.05556,-4.43753,469.143,-4.214
c-HCCCHv=0,Cyclopropenylidene,"13(10,4)-12(11,1)",597.2165936,-3.46011,279.58498,-3.5528
c-HCCCHv=0,Cyclopropenylidene,"9(8,2)-8(7,1)",598.9451863,-2.11959,142.82464,-2.1681
c-HCCCHv=0,Cyclopropenylidene,"11(7,4)-10(8,3)",603.358943,-2.45524,198.85105,-2.0278
c-HCCCHv=0,Cyclopropenylidene,"18(11,8)-17(12,5)",606.4507116,-4.34998,498.24792,-4.1516
c-HCCCHv=0,Cyclopropenylidene,"16(11,5)-16(8,8)",611.5067038,-4.56037,415.34096,-4.7722
c-HCCCHv=0,Cyclopropenylidene,"17(11,6)-16(14,3)",615.7649982,-4.32459,462.02791,-4.1042
c-HCCCHv=0,Cyclopropenylidene,"12(9,3)-11(10,2)",616.7432783,-3.10422,241.0974,-3.1879
c-HCCCHv=0,Cyclopropenylidene,"9(8,1)-8(7,2)",619.5479413,-2.10228,143.21301,-1.6882
c-HCCCHv=0,Cyclopropenylidene,"18(1,18)-17(0,17)",619.5822402,-1.81348,289.39902,-1.3216
c-HCCCHv=0,Cyclopropenylidene,"17(1,16)-16(2,15)",619.7531735,-1.8435,286.31358,-1.3714
c-HCCCHv=0,Cyclopropenylidene,"16(3,14)-15(2,13)",619.9163478,-1.87912,279.97457,-1.4235
c-HCCCHv=0,Cyclopropenylidene,"7(3,4)-6(2,5)",620.0195931,-3.29591,77.24451,-2.8893
c-HCCCHv=0,Cyclopropenylidene,"15(3,12)-14(4,11)",620.0866879,-1.92214,270.38285,-1.4799
c-HCCCHv=0,Cyclopropenylidene,"14(5,10)-13(4,9)",620.2973712,-1.97553,257.53469,-1.5438
c-HCCCHv=0,Cyclopropenylidene,"7(4,4)-6(1,5)",620.3295393,-3.29546,77.25924,-3.3662
c-HCCCHv=0,Cyclopropenylidene,"13(5,8)-12(6,7)",620.6497785,-2.0448,241.4184,-1.621
c-HCCCHv=0,Cyclopropenylidene,"12(6,6)-11(7,5)",621.178645,-2.14532,221.99177,-2.2043
c-HCCCHv=0,Cyclopropenylidene,"21(3,18)-21(2,19)",621.6267705,-2.63134,482.64363,-2.3553
c-HCCCHv=0,Cyclopropenylidene,"14(12,3)-13(13,0)",621.7464067,-3.88112,331.68931,-3.5577
c-HCCCHv=0,Cyclopropenylidene,"20(3,18)-20(2,19)",622.1038613,-2.77712,415.03318,-2.4242
c-HCCCHv=0,Cyclopropenylidene,"12(7,6)-11(6,5)",622.1266757,-2.14281,221.99713,-1.7253
c-HCCCHv=0,Cyclopropenylidene,"19(1,18)-19(0,19)",622.5432065,-3.04616,350.61714,-2.622
c-HCCCHv=0,Cyclopropenylidene,"9(9,1)-8(8,0)",623.369,-1.87532,148.46719,-1.9485
c-HCCCHv=0,Cyclopropenylidene,"15(10,5)-15(7,8)",624.0023363,-4.69279,364.56841,-4.3895
c-HCCCHv=0,Cyclopropenylidene,"9(9,0)-8(8,1)",624.5175963,-1.87356,148.48605,-1.4704
c-HCCCHv=0,Cyclopropenylidene,"15(10,6)-14(11,3)",626.7497873,-3.73045,356.70129,-3.8947
c-HCCCHv=0,Cyclopropenylidene,"10(8,3)-9(7,2)",627.9170084,-2.22389,169.89449,-1.8105
c-HCCCHv=0,Cyclopropenylidene,"14(12,2)-13(13,1)",629.0016671,-3.86062,332.03635,-4.0196
c-HCCCHv=0,Cyclopropenylidene,"14(10,5)-13(11,2)",633.011339,-3.38467,317.21926,-3.0477
c-HCCCHv=0,Cyclopropenylidene,"14(9,5)-14(6,8)",633.5649923,-4.84115,316.83348,-4.9811
c-HCCCHv=0,Cyclopropenylidene,"17(13,5)-17(10,8)",633.7507992,-4.41618,470.95366,-4.6977
c-HCCCHv=0,Cyclopropenylidene,"16(12,5)-16(9,8)",635.7435583,-4.53958,416.50471,-4.292
c-HCCCHv=0,Cyclopropenylidene,"15(11,5)-15(8,8)",638.5002359,-4.6772,365.26434,-4.8615
c-HCCCHv=0,Cyclopropenylidene,"13(8,5)-13(5,8)",640.6016642,-5.01145,272.16219,-4.6452
c-HCCCHv=0,Cyclopropenylidene,"14(10,5)-14(7,8)",641.6036797,-4.83132,317.21928,-4.4999
c-HCCCHv=0,Cyclopropenylidene,"8(7,2)-7(4,3)",642.5296817,-2.91202,113.47954,-2.5182
c-HCCCHv=0,Cyclopropenylidene,"8(5,3)-7(4,4)",643.2547973,-2.84018,108.13047,-2.9162
c-HCCCHv=0,Cyclopropenylidene,"11(8,4)-10(7,3)",644.7703024,-2.24058,199.31985,-2.3183
c-HCCCHv=0,Cyclopropenylidene,"14(11,4)-13(12,1)",645.6236592,-3.38461,324.56562,-3.0664
c-HCCCHv=0,Cyclopropenylidene,"12(8,5)-12(5,8)",647.6168618,-5.2075,230.68076,-4.8191
c-HCCCHv=0,Cyclopropenylidene,"9(7,2)-8(6,3)",647.9884812,-2.4339,139.7595,-2.0333
c-HCCCHv=0,Cyclopropenylidene,"12(7,5)-11(8,4)",651.5147588,-2.19244,230.58741,-2.2835
c-HCCCHv=0,Cyclopropenylidene,"19(0,19)-18(1,18)",653.0421382,-1.74362,320.74001,-1.2959
c-HCCCHv=0,Cyclopropenylidene,"18(2,17)-17(1,16)",653.2117842,-1.7719,317.66257,-1.3427
c-HCCCHv=0,Cyclopropenylidene,"17(2,15)-16(3,14)",653.3719088,-1.80503,311.33132,-1.3909
c-HCCCHv=0,Cyclopropenylidene,"16(4,13)-15(3,12)",653.5355081,-1.84455,301.74734,-1.4422
c-HCCCHv=0,Cyclopropenylidene,"15(4,11)-14(5,10)",653.7284102,-1.89276,288.90853,-1.4991
c-HCCCHv=0,Cyclopropenylidene,"14(6,9)-13(5,8)",654.0204314,-1.95373,272.80618,-1.5659
c-HCCCHv=0,Cyclopropenylidene,"13(10,3)-12(11,2)",654.0430304,-3.15653,282.23379,-2.8134
c-HCCCHv=0,Cyclopropenylidene,"8(6,3)-7(3,4)",654.6196687,-2.84432,108.66108,-2.4512
c-HCCCHv=0,Cyclopropenylidene,"13(7,7)-12(6,6)",654.740594,-2.03619,253.4142,-2.1289
c-HCCCHv=0,Cyclopropenylidene,"7(2,5)-6(1,6)",654.7851352,-3.70018,70.03204,-3.3056
c-HCCCHv=0,Cyclopropenylidene,"21(2,19)-21(1,20)",655.6941264,-2.72856,452.81043,-2.4313
c-HCCCHv=0,Cyclopropenylidene,"20(2,19)-20(1,20)",656.1619071,-2.99899,385.17708,-2.6248
c-HCCCHv=0,Cyclopropenylidene,"12(8,4)-11(9,3)",658.4358463,-2.45131,237.00283,-2.556
c-HCCCHv=0,Cyclopropenylidene,"7(7,0)-6(4,3)",658.6591345,-4.16478,91.98451,-3.8044
c-HCCCHv=0,Cyclopropenylidene,"12(8,5)-11(7,4)",663.2266624,-2.154,230.68074,-1.7754
c-HCCCHv=0,Cyclopropenylidene,"15(13,3)-14(14,0)",663.3302979,-3.85468,380.41693,-4.0766
c-HCCCHv=0,Cyclopropenylidene,"17(11,7)-16(12,4)",665.033169,-3.90187,452.29609,-4.1762
c-HCCCHv=0,Cyclopropenylidene,"15(13,2)-14(14,1)",667.6938442,-3.8437,380.62577,-3.5915
c-HCCCHv=0,Cyclopropenylidene,"10(9,2)-9(8,1)",672.6367317,-1.93289,175.49431,-1.5559
c-HCCCHv=0,Cyclopropenylidene,"8(8,1)-7(5,2)",679.5012732,-3.56824,118.51414,-3.2047
c-HCCCHv=0,Cyclopropenylidene,"8(4,4)-7(3,5)",685.6125565,-2.9786,102.93638,-3.0733
c-HCCCHv=0,Cyclopropenylidene,"10(9,1)-9(8,2)",685.6758646,-1.91955,175.73161,-2.0279
c-HCCCHv=0,Cyclopropenylidene,"20(1,20)-19(0,19)",686.498009,-1.67733,353.68647,-1.2761
c-HCCCHv=0,Cyclopropenylidene,"8(5,4)-7(2,5)",686.520966,-2.97771,102.97969,-2.5959
c-HCCCHv=0,Cyclopropenylidene,"19(1,18)-18(2,17)",686.6663625,-1.70395,350.61717,-1.3201
c-HCCCHv=0,Cyclopropenylidene,"18(3,16)-17(2,15)",686.8235835,-1.73495,344.29341,-1.3649
c-HCCCHv=0,Cyclopropenylidene,"17(3,14)-16(4,13)",686.9812596,-1.77148,334.71705,-1.4118
c-HCCCHv=0,Cyclopropenylidene,"16(5,12)-15(4,11)",687.1603094,-1.81539,321.88694,-1.4628
c-HCCCHv=0,Cyclopropenylidene,"15(5,10)-14(6,9)",687.4105121,-1.86989,305.79653,-1.5213
c-HCCCHv=0,Cyclopropenylidene,"14(7,8)-13(6,7)",687.8995845,-1.94087,286.42742,-1.5935
c-HCCCHv=0,Cyclopropenylidene,"13(7,6)-12(8,5)",688.2994228,-2.04778,263.71363,-1.6988
c-HCCCHv=0,Cyclopropenylidene,"22(3,20)-22(2,21)",689.2768908,-2.68249,492.19212,-2.443
c-HCCCHv=0,Cyclopropenylidene,"14(11,3)-13(12,2)",689.3750526,-3.19568,326.62218,-3.3845
c-HCCCHv=0,Cyclopropenylidene,"21(1,20)-21(0,21)",689.7748731,-2.95422,421.34227,-2.6322
c-HCCCHv=0,Cyclopropenylidene,"13(8,6)-12(7,5)",690.5357498,-2.04211,263.72772,-2.1716
c-HCCCHv=0,Cyclopropenylidene,"15(12,4)-14(13,1)",691.7430001,-3.33229,372.8003,-3.5604
c-HCCCHv=0,Cyclopropenylidene,"15(11,5)-14(12,2)",692.3623354,-3.20513,365.26426,-3.4227
c-HCCCHv=0,Cyclopropenylidene,"10(10,1)-9(9,0)",693.6871789,-1.72545,181.77765,-1.3702
c-HCCCHv=0,Cyclopropenylidene,"10(10,0)-9(9,1)",694.2829422,-1.72457,181.78725,-1.8468
c-HCCCHv=0,Cyclopropenylidene,"7(6,1)-6(3,4)",699.6664674,-4.58891,88.31559,-4.248
c-HCCCHv=0,Cyclopropenylidene,"16(11,6)-15(12,3)",700.4752481,-3.42186,407.93471,-3.2017
c-HCCCHv=0,Cyclopropenylidene,"9(6,3)-8(5,4)",702.7691333,-2.64211,136.70699,-2.2704
c-HCCCHv=0,Cyclopropenylidene,"16(14,3)-15(15,0)",704.5081497,-3.83129,432.47611,-3.649
c-HCCCHv=0,Cyclopropenylidene,"11(9,3)-10(8,2)",705.6394223,-2.04434,205.40307,-2.1679
c-HCCCHv=0,Cyclopropenylidene,"10(8,2)-9(7,3)",706.0581767,-2.22452,171.53786,-2.3388
c-HCCCHv=0,Cyclopropenylidene,"16(14,2)-15(15,1)",707.0508433,-3.82551,432.59785,-4.122
c-HCCCHv=0,Cyclopropenylidene,"13(9,4)-12(10,3)",708.8116397,-2.48126,278.21227,-2.1653
c-HCCCHv=0,Cyclopropenylidene,"13(8,5)-12(9,4)",715.1306276,-2.12729,272.16221,-1.8062
c-HCCCHv=0,Cyclopropenylidene,"21(0,21)-20(1,20)",719.9496651,-1.61421,388.23839,-1.2618
c-HCCCHv=0,Cyclopropenylidene,"20(2,19)-19(1,18)",720.1167096,-1.63946,385.17709,-1.3034
c-HCCCHv=0,Cyclopropenylidene,"19(2,17)-18(3,16)",720.2711244,-1.6685,378.86082,-1.3451
c-HCCCHv=0,Cyclopropenylidene,"18(4,15)-17(3,14)",720.4234414,-1.7025,369.29183,-1.3882
c-HCCCHv=0,Cyclopropenylidene,"17(4,13)-16(5,12)",720.5911677,-1.74284,356.46966,-1.4342
c-HCCCHv=0,Cyclopropenylidene,"16(6,11)-15(5,10)",720.811711,-1.79204,340.38978,-1.4858
c-HCCCHv=0,Cyclopropenylidene,"8(3,5)-7(2,6)",721.2073657,-3.21054,95.77838,-3.3156
c-HCCCHv=0,Cyclopropenylidene,"8(4,5)-7(1,6)",721.2397058,-3.21044,95.77993,-2.8384
c-HCCCHv=0,Cyclopropenylidene,"14(7,7)-13(8,6)",721.976494,-1.94016,298.37694,-2.107
c-HCCCHv=0,Cyclopropenylidene,"14(8,7)-13(7,6)",722.3061635,-1.93939,298.37866,-1.6293
c-HCCCHv=0,Cyclopropenylidene,"12(9,4)-11(8,3)",722.6443335,-2.10558,237.84158,-1.7725
c-HCCCHv=0,Cyclopropenylidene,"9(8,2)-8(5,3)",722.9131991,-2.85077,142.82468,-2.9766
c-HCCCHv=0,Cyclopropenylidene,"9(7,3)-8(4,4)",723.3723246,-2.6642,137.65261,-2.7828
c-HCCCHv=0,Cyclopropenylidene,"15(12,3)-14(13,2)",723.8382462,-3.21956,374.31746,-2.9913
c-HCCCHv=0,Cyclopropenylidene,"17(11,6)-17(8,9)",728.6683568,-4.54797,462.02798,-4.3967
c-HCCCHv=0,Cyclopropenylidene,"17(12,6)-17(9,9)",734.9660255,-4.5402,462.33022,-4.87
c-HCCCHv=0,Cyclopropenylidene,"16(10,6)-16(7,9)",735.9737951,-4.68176,407.77875,-4.9587
c-HCCCHv=0,Cyclopropenylidene,"16(13,4)-15(14,1)",736.0618188,-3.2951,424.30637,-3.1189
c-HCCCHv=0,Cyclopropenylidene,"13(9,5)-12(8,4)",736.727686,-2.05463,272.3599,-2.2231
c-HCCCHv=0,Cyclopropenylidene,"16(11,6)-16(8,9)",739.2226403,-4.67755,407.93467,-4.4794
c-HCCCHv=0,Cyclopropenylidene,"15(9,6)-15(6,9)",741.521815,-4.83301,356.62601,-4.589
c-HCCCHv=0,Cyclopropenylidene,"8(8,0)-7(5,3)",742.7232167,-3.96947,118.55034,-4.1195
c-HCCCHv=0,Cyclopropenylidene,"17(15,2)-17(10,7)",743.2830908,-5.07765,487.94092,-4.972
c-HCCCHv=0,Cyclopropenylidene,"11(10,2)-10(9,1)",745.2655367,-1.76919,211.49854,-1.9239
c-HCCCHv=0,Cyclopropenylidene,"17(15,3)-16(16,0)",745.4351497,-3.80995,487.87184,-4.1825
c-HCCCHv=0,Cyclopropenylidene,"14(9,6)-14(6,9)",746.4723081,-5.00461,308.63104,-4.7228
c-HCCCHv=0,Cyclopropenylidene,"17(15,2)-16(16,1)",746.8797441,-3.80688,487.94102,-3.7032
c-HCCCHv=0,Cyclopropenylidene,"16(12,5)-15(13,2)",747.6002302,-3.07815,416.50462,-2.897
c-HCCCHv=0,Cyclopropenylidene,"13(7,6)-13(4,9)",749.0459983,-5.2056,263.71361,-4.8912
c-HCCCHv=0,Cyclopropenylidene,"9(5,4)-8(4,5)",750.2825634,-2.7421,131.78752,-2.39
c-HCCCHv=0,Cyclopropenylidene,"9(6,4)-8(3,5)",752.5639026,-2.74048,131.89556,-2.8669
c-HCCCHv=0,Cyclopropenylidene,"11(10,1)-10(9,2)",753.1053611,-1.76045,211.63739,-1.4425
c-HCCCHv=0,Cyclopropenylidene,"22(1,22)-21(0,21)",753.3969218,-1.55408,424.39563,-1.2528
c-HCCCHv=0,Cyclopropenylidene,"21(1,20)-20(2,19)",753.5626311,-1.57796,421.34217,-1.2921
c-HCCCHv=0,Cyclopropenylidene,"20(3,18)-19(2,17)",753.7143012,-1.60543,415.03325,-1.3312
c-HCCCHv=0,Cyclopropenylidene,"19(3,16)-18(4,15)",753.8616553,-1.63717,405.47122,-1.3709
c-HCCCHv=0,Cyclopropenylidene,"18(5,14)-17(4,13)",754.0197525,-1.67448,392.65665,-1.4126
c-HCCCHv=0,Cyclopropenylidene,"17(5,12)-16(6,11)",754.2178632,-1.7193,376.58633,-1.4584
c-HCCCHv=0,Cyclopropenylidene,"14(10,4)-13(11,3)",754.3561898,-2.53465,322.48879,-2.7543
c-HCCCHv=0,Cyclopropenylidene,"16(7,10)-15(6,9)",754.5289468,-1.77477,357.25025,-1.5116
c-HCCCHv=0,Cyclopropenylidene,"14(8,6)-13(9,5)",755.0657564,-1.96397,308.59715,-2.1639
c-HCCCHv=0,Cyclopropenylidene,"15(7,8)-14(8,7)",755.1739632,-1.84773,334.62118,-1.5793
c-HCCCHv=0,Cyclopropenylidene,"15(8,8)-14(7,7)",755.214786,-1.84758,334.62127,-2.0563
c-HCCCHv=0,Cyclopropenylidene,"8(3,6)-7(0,7)",755.6644344,-3.62581,86.93451,-3.26
c-HCCCHv=0,Cyclopropenylidene,"23(1,22)-23(0,23)",756.9827302,-2.87127,498.48691,-2.6603
c-HCCCHv=0,Cyclopropenylidene,"16(13,3)-15(14,2)",758.4404539,-3.23003,425.36814,-3.5447
c-HCCCHv=0,Cyclopropenylidene,"14(9,6)-13(8,5)",759.8910753,-1.95225,308.63104,-1.6777
c-HCCCHv=0,Cyclopropenylidene,"10(7,3)-9(6,4)",760.1325028,-2.46646,168.37592,-2.6063
c-HCCCHv=0,Cyclopropenylidene,"11(11,1)-10(10,0)",763.837404,-1.59141,218.44547,-1.7662
c-HCCCHv=0,Cyclopropenylidene,"11(11,0)-10(10,1)",764.1403865,-1.59096,218.45037,-1.2888
c-HCCCHv=0,Cyclopropenylidene,"11(9,2)-10(8,3)",765.130618,-2.03007,206.61482,-1.7113
c-HCCCHv=0,Cyclopropenylidene,"8(7,1)-7(4,4)",767.2228101,-4.13311,114.07996,-4.2899
c-HCCCHv=0,Cyclopropenylidene,"17(12,6)-16(13,3)",770.169904,-3.16733,462.33033,-3.5162
c-HCCCHv=0,Cyclopropenylidene,"9(9,1)-8(6,2)",775.9085408,-3.58995,148.46715,-3.7528
c-HCCCHv=0,Cyclopropenylidene,"14(9,5)-13(10,4)",776.1363997,-2.08824,316.83344,-2.3113
c-HCCCHv=0,Cyclopropenylidene,"17(14,4)-16(15,1)",779.0199279,-3.2674,479.10019,-3.6452
c-HCCCHv=0,Cyclopropenylidene,"12(10,3)-11(9,2)",783.044825,-1.87266,244.19481,-1.5815
c-HCCCHv=0,Cyclopropenylidene,"23(0,23)-22(1,22)",786.8395981,-1.49662,462.15774,-1.2488
c-HCCCHv=0,Cyclopropenylidene,"22(2,21)-21(1,20)",787.0039367,-1.51936,459.11227,-1.2861
c-HCCCHv=0,Cyclopropenylidene,"21(2,19)-20(3,18)",787.1528962,-1.54526,452.81042,-1.3227
c-HCCCHv=0,Cyclopropenylidene,"9(4,5)-8(3,6)",787.3089744,-2.89622,124.71923,-2.5535
c-HCCCHv=0,Cyclopropenylidene,"9(5,5)-8(2,6)",787.4204349,-2.89614,124.72458,-3.0306
c-HCCCHv=0,Cyclopropenylidene,"18(6,13)-17(5,12)",787.6255185,-1.65087,414.38618,-1.4382
c-HCCCHv=0,Cyclopropenylidene,"17(6,11)-16(7,10)",787.8897459,-1.70088,395.06282,-1.4845
c-HCCCHv=0,Cyclopropenylidene,"16(8,9)-15(7,8)",788.3936696,-1.76459,372.4579,-1.5413
c-HCCCHv=0,Cyclopropenylidene,"15(8,7)-14(9,6)",789.356714,-1.8543,346.51392,-1.6211
c-HCCCHv=0,Cyclopropenylidene,"15(9,7)-14(8,6)",790.1599925,-1.85255,346.51866,-2.0969
c-HCCCHv=0,Cyclopropenylidene,"17(14,3)-16(15,2)",793.8818488,-3.23072,479.80712,-3.1401
c-HCCCHv=0,Cyclopropenylidene,"10(8,3)-9(5,4)",794.024482,-2.52864,169.89456,-2.2113
c-HCCCHv=0,Cyclopropenylidene,"15(11,4)-14(12,3)",795.4155887,-2.59889,369.86312,-2.4026
c-HCCCHv=0,Cyclopropenylidene,"17(13,5)-16(14,2)",799.2090617,-2.9905,470.95365,-3.3669
c-HCCCHv=0,Cyclopropenylidene,"13(10,4)-12(9,3)",801.9551382,-1.96774,279.58504,-2.1812
c-HCCCHv=0,Cyclopropenylidene,"10(9,2)-9(6,3)",808.1984924,-2.84015,175.49424,-2.5381
c-HCCCHv=0,Cyclopropenylidene,"14(10,5)-13(9,4)",812.7805924,-1.95847,317.21934,-1.7237
c-HCCCHv=0,Cyclopropenylidene,"10(6,4)-9(5,5)",813.5770782,-2.55352,163.76987,-2.7143
c-HCCCHv=0,Cyclopropenylidene,"11(8,3)-10(7,4)",815.8180892,-2.30061,203.16027,-2.0029
c-HCCCHv=0,Cyclopropenylidene,"12(11,2)-11(10,1)",816.9561807,-1.62502,250.84489,-1.3607
c-HCCCHv=0,Cyclopropenylidene,"10(7,4)-9(4,5)",818.6375265,-2.55138,164.00741,-2.2379
c-HCCCHv=0,Cyclopropenylidene,"23(1,22)-22(2,21)",820.4404403,-1.46326,498.48694,-1.285
c-HCCCHv=0,Cyclopropenylidene,"22(3,20)-21(2,19)",820.5867012,-1.48781,492.19215,-1.3194
c-HCCCHv=0,Cyclopropenylidene,"21(3,18)-20(4,17)",820.7248896,-1.51582,482.64363,-1.3534
c-HCCCHv=0,Cyclopropenylidene,"20(5,16)-19(4,15)",820.866898,-1.5482,469.84296,-1.388
c-HCCCHv=0,Cyclopropenylidene,"19(5,14)-18(6,13)",821.0324968,-1.58624,453.78936,-1.4246
c-HCCCHv=0,Cyclopropenylidene,"15(9,6)-14(10,5)",821.1074382,-1.89406,356.626,-1.6915
c-HCCCHv=0,Cyclopropenylidene,"18(7,12)-17(6,11)",821.2622278,-1.63182,434.47686,-1.4652
c-HCCCHv=0,Cyclopropenylidene,"12(11,1)-11(10,2)",821.481823,-1.61985,250.92325,-1.835
c-HCCCHv=0,Cyclopropenylidene,"17(7,10)-16(8,9)",821.660036,-1.68849,411.89102,-1.5135
c-HCCCHv=0,Cyclopropenylidene,"9(3,6)-8(2,7)",822.1565992,-3.13891,115.90777,-2.801
c-HCCCHv=0,Cyclopropenylidene,"16(8,8)-15(9,7)",822.5249823,-1.76358,385.9934,-2.0542
c-HCCCHv=0,Cyclopropenylidene,"16(9,8)-15(8,7)",822.6351474,-1.76334,385.99394,-1.5769
c-HCCCHv=0,Cyclopropenylidene,"12(10,2)-11(9,3)",825.8513084,-1.85242,245.03746,-2.0612
c-HCCCHv=0,Cyclopropenylidene,"9(9,0)-8(6,3)",829.8225123,-3.83569,148.4861,-3.5487
c-HCCCHv=0,Cyclopropenylidene,"15(10,6)-14(9,5)",830.7156274,-1.87092,356.70124,-2.1503
c-HCCCHv=0,Cyclopropenylidene,"16(12,4)-15(13,3)",832.6939265,-2.66252,420.37969,-3.0079
c-HCCCHv=0,Cyclopropenylidene,"15(10,5)-14(11,4)",833.5277164,-2.07818,364.56828,-1.8932
c-HCCCHv=0,Cyclopropenylidene,"12(12,1)-11(11,0)",833.8762124,-1.47018,258.46978,-1.2252
c-HCCCHv=0,Cyclopropenylidene,"12(12,0)-11(11,1)",834.0279059,-1.46998,258.47231,-1.7022
c-HCCCHv=0,Cyclopropenylidene,"9(8,1)-8(5,4)",838.330894,-3.79089,143.21289,-3.5004
c-HCCCHv=0,Cyclopropenylidene,"17(10,7)-17(7,10)",841.3485936,-4.67755,452.26926,-4.5706
c-HCCCHv=0,Cyclopropenylidene,"16(10,7)-16(7,10)",845.483023,-4.82943,397.82684,-4.6712
c-HCCCHv=0,Cyclopropenylidene,"15(8,7)-15(5,10)",848.4185099,-5.00246,346.5139,-4.7985
c-HCCCHv=0,Cyclopropenylidene,"14(8,7)-14(5,10)",851.0547907,-5.20222,298.37865,-4.9588
c-HCCCHv=0,Cyclopropenylidene,"10(5,5)-9(4,6)",852.9808553,-2.6615,156.84431,-2.8314
c-HCCCHv=0,Cyclopropenylidene,"10(6,5)-9(3,6)",853.3082284,-2.66124,156.85988,-2.3542
c-HCCCHv=0,Cyclopropenylidene,"20(6,15)-19(5,14)",854.4373442,-1.52496,494.79565,-1.4171
c-HCCCHv=0,Cyclopropenylidene,"19(6,13)-18(7,12)",854.6403639,-1.56679,475.49295,-1.4528
c-HCCCHv=0,Cyclopropenylidene,"18(8,11)-17(7,10)",854.9677853,-1.61775,452.92287,-1.4941
c-HCCCHv=0,Cyclopropenylidene,"17(8,9)-16(9,8)",855.6322336,-1.68304,427.05764,-1.5464
c-HCCCHv=0,Cyclopropenylidene,"9(2,7)-8(1,8)",856.511682,-3.5621,105.44283,-3.2256
c-HCCCHv=0,Cyclopropenylidene,"16(9,7)-15(10,6)",856.6791348,-1.77781,397.81513,-2.102
c-HCCCHv=0,Cyclopropenylidene,"16(10,7)-15(9,6)",858.4901548,-1.77426,397.8268,-1.6222
c-HCCCHv=0,Cyclopropenylidene,"13(11,3)-12(10,2)",859.4787498,-1.71239,286.28565,-1.9636
c-HCCCHv=0,Cyclopropenylidene,"8(8,1)-7(3,4)",859.9245848,-5.07276,118.5141,-4.8051
c-HCCCHv=0,Cyclopropenylidene,"17(13,4)-16(14,3)",867.1458541,-2.71726,474.09222,-2.6541
c-HCCCHv=0,Cyclopropenylidene,"11(9,3)-10(6,4)",867.4994535,-2.4343,205.40303,-2.6418
c-HCCCHv=0,Cyclopropenylidene,"12(9,3)-11(8,4)",870.5087899,-2.13814,241.09741,-2.3625
c-HCCCHv=0,Cyclopropenylidene,"11(7,4)-10(6,5)",874.958514,-2.39705,198.85103,-2.1214
c-HCCCHv=0,Cyclopropenylidene,"10(10,1)-9(7,2)",875.52121,-3.6054,181.77755,-3.3448
c-HCCCHv=0,Cyclopropenylidene,"14(11,4)-13(10,3)",882.0552469,-1.82668,324.56549,-1.6356
c-HCCCHv=0,Cyclopropenylidene,"11(8,4)-10(5,5)",885.051468,-2.39623,199.31987,-2.603
c-HCCCHv=0,Cyclopropenylidene,"16(10,6)-15(11,5)",885.8627894,-1.83917,407.77884,-2.1913
c-HCCCHv=0,Cyclopropenylidene,"16(11,5)-15(12,4)",886.4086122,-2.09748,415.34087,-2.4608
c-HCCCHv=0,Cyclopropenylidene,"13(12,2)-12(11,1)",887.9437808,-1.49666,293.53761,-1.7715
c-HCCCHv=0,Cyclopropenylidene,"19(7,12)-18(8,11)",888.2968901,-1.55177,495.55408,-1.4824
c-HCCCHv=0,Cyclopropenylidene,"10(5,6)-9(2,7)",888.4269486,-2.82719,148.08042,-2.5237
c-HCCCHv=0,Cyclopropenylidene,"13(11,2)-12(10,3)",888.5808932,-1.69319,286.83978,-1.4815
c-HCCCHv=0,Cyclopropenylidene,"18(9,10)-17(8,9)",888.8145415,-1.60948,469.71374,-1.5258
c-HCCCHv=0,Cyclopropenylidene,"17(9,8)-16(10,7)",889.9409866,-1.68727,440.53706,-1.586
c-HCCCHv=0,Cyclopropenylidene,"17(10,8)-16(9,7)",890.2157531,-1.68683,440.53859,-2.0628
c-HCCCHv=0,Cyclopropenylidene,"13(12,1)-12(11,2)",890.4746182,-1.49387,293.58065,-1.2928
c-HCCCHv=0,Cyclopropenylidene,"15(11,5)-14(10,4)",891.3017988,-1.8605,365.26427,-2.1807
c-HCCCHv=0,Cyclopropenylidene,"11(10,2)-10(7,3)",898.535814,-2.86231,211.4986,-3.0928
c-HCCCHv=0,Cyclopropenylidene,"16(11,6)-15(10,5)",903.6139736,-1.79568,407.93468,-1.6789
c-HCCCHv=0,Cyclopropenylidene,"13(13,1)-12(12,0)",903.8343222,-1.35949,301.84916,-1.6535
c-HCCCHv=0,Cyclopropenylidene,"13(13,0)-12(12,1)",903.9093107,-1.35937,301.85046,-1.1763
c-HCCCHv=0,Cyclopropenylidene,"8(7,2)-7(2,5)",905.3039187,-5.24273,113.47955,-4.9885
c-HCCCHv=0,Cyclopropenylidene,"10(9,1)-9(6,4)",913.4027801,-3.53998,175.73169,-3.7648
c-HCCCHv=0,Cyclopropenylidene,"9(7,2)-8(4,5)",916.390037,-4.5105,139.75937,-4.2509
c-HCCCHv=0,Cyclopropenylidene,"11(6,5)-10(5,6)",918.0564859,-2.47352,192.13988,-2.2075
c-HCCCHv=0,Cyclopropenylidene,"11(7,5)-10(4,6)",918.9046879,-2.47287,192.18001,-2.6844
c-HCCCHv=0,Cyclopropenylidene,"10(10,0)-9(7,3)",919.6220113,-3.74189,181.78725,-3.9782
c-HCCCHv=0,Cyclopropenylidene,"18(9,9)-17(10,8)",922.9310551,-1.60843,484.83204,-2.0389
c-HCCCHv=0,Cyclopropenylidene,"18(10,9)-17(9,8)",922.9667768,-1.60833,484.83217,-1.5617
c-HCCCHv=0,Cyclopropenylidene,"10(4,7)-9(1,8)",923.0309887,-3.07724,137.64052,-2.774
c-HCCCHv=0,Cyclopropenylidene,"17(10,7)-16(11,6)",923.7859893,-1.71038,452.26928,-1.6411
c-HCCCHv=0,Cyclopropenylidene,"13(10,3)-12(9,4)",924.9906047,-1.97701,282.23385,-1.7748
c-HCCCHv=0,Cyclopropenylidene,"17(11,7)-16(10,6)",927.5941435,-1.70317,452.29608,-2.1127
c-HCCCHv=0,Cyclopropenylidene,"12(8,4)-11(7,5)",933.9595092,-2.26187,237.0028,-2.5086
c-HCCCHv=0,Cyclopropenylidene,"17(12,5)-16(13,4)",934.2482096,-2.14194,469.14299,-2.1016
c-HCCCHv=0,Cyclopropenylidene,"14(12,3)-13(11,2)",934.5201816,-1.56664,331.68932,-1.4091
c-HCCCHv=0,Cyclopropenylidene,"18(11,8)-18(8,11)",944.4258805,-4.6753,498.24783,-4.6573
c-HCCCHv=0,Cyclopropenylidene,"12(10,3)-11(7,4)",944.8165001,-2.38095,244.19485,-2.1656
c-HCCCHv=0,Cyclopropenylidene,"17(9,8)-17(6,11)",947.5342637,-4.82739,440.53692,-4.7513
c-HCCCHv=0,Cyclopropenylidene,"17(11,6)-16(12,5)",948.5570321,-1.80205,462.02798,-1.7575
